Number,Date,Hare,Start,Notes,Kennel
1,2002-01-20,Oral Roberts,Berkeley,,EBH3
2,2002-02-01,McTaco & Scrotum,Berkeley,,FMH3
3,2002-02-17,,,,EBH3
4,2002-02-23,,Peninsula,Women's Mud Run,SVH3
5,2002-03-01,Dr. Kimble,San Rafael,,FMH3
6,2002-03-17,Whisker Biscuit & A.J.,,,EBH3
7,2002-03-29,Thurston & Little Johnson,Berkeley,Named,FMH3
8,2002-03-31,Likes To Lick & Open Wide,Novato,,EBH3/Gypsies
9,2002-04-14,Honey Bush & Tequila Sunset,Anza Lake,Fetish Hash,EBH3
10,2002-04-18,Mc Taco,Duboce Park,McTaco's Birthday,Gypsies
11,2002-04-21,,Mill Valley,1st Marin,Marin H3
12,2002-04-25,Shithead,Glen Park,,Gypsies
13,2002-04-26,Lois Lame & Pencil Dick & Naked Hasher,North Beach,,FMH3
14,2002-04-28,Zydeco & Spanky,Richmond,Zydeco's Birthday,EBH3
15,2002-05-02,Thumper,Presidio,,Gypsies
0,2002-05-04,,,Oral Roberts' Party,
16,2002-05-05,Tongueless & Nutless Sac,San Quentin,,Gypsies/Winers
17,2002-05-09,Tits 4 Hire,Panhandle,,Gypsies
18,2002-05-12,Manhandler & 3 Ball Jay,Fremont/Sunol,,EBH3
19,2002-05-16,Rongjon,Lands End,,Gypsies
20,2002-05-17,Glory Hole & Sticky Pants,,Bay to Breakers,SFH3
21,2002-05-18,Scrotum,Berkeley,Bay to Breakers,EBH3
22,2002-05-19,,,Bay to Breakers,SFH3
23,2002-05-24,Scrotum & Manhandler,Downtown Oakland,,FMH3
0,2002-05-25,,,Phil-B-Q,
24,2002-05-27,,The Esplanade,,SFH3
25,2002-05-30,Boulder Holder,East Presidio,,Gypsies
26,2002-06-02,Dr. Kimble & Bag Lady,Mill Valley Manzanita,,Marin H3
27,2002-06-03,Open Wide,Pine Lake Park,,SFH3
28,2002-06-06,Tits 4 Hire & Handjob for Humanity,SOMA,,Gypsies
29,2002-06-09,A.J.,Briones,,EBH3
30,2002-06-10,Rev. Itchy & Piss Pot,North Beach,,SFH3
31,2002-06-13,Dick Chick & No Hands & Nutless Sac,Portrero Hill,,Gypsies
32,2002-06-17,Captain Organ & Pocahumpus,Castro/Haight,,SFH3
33,2002-06-20,L.C.B.,Haight,,Gypsies
34,2002-06-21,Bigfoot,SOMA,,FMH#
35,2002-06-24,Cuming Mutha,Japantown,Red Dress,SFH3
36,2002-06-27,Lois Lame & Phone Sex,Golden Gate Park,,Gypsies
0,2002-06-29,Chewey & Ram Pam,,Luau,SVH3
37,2002-07-11,Fort Baker,Tongueless & Nutless Sac,,Gypsies
38,2002-07-13,Wet Hairs,Mt. Madonna,Mt. Madonna Campout,SVH3
39,2002-07-15,,Lincoln Park,,SFH3
40,2002-07-20,,Baker Beach/Presidio,Pinprick's Farewell,SFH3
41,2002-07-21,Cupcake,Angel Island,,EBH3
42,2002-07-22,WeeWee & PooPoo,Downtown/North Beach,French Waiter Hash,SFH3
43,2002-07-25,Manhandler & Three Ball Jay,Stern Grove,,Gypsies
44,2002-07-26,Scrotum,El Cerrito,,FMH3
0,2002-07-28,,,Marathon Volunteer,SFH3
45,2002-07-29,Smegma,Haight/Castro,,SFH3
46,2002-08-01,Gerbil,Mt. Sutro,,Gypsies
47,2002-08-04,Cuming Mutha & Frozen Cum,Mt. Tam,Anti-Ranger,
0,2002-08-07,,,Giants-Cubs Game,
48,2002-08-10,,Woodside,Pool Party,SVH3
49,2002-08-15,Scarlett & Rhett,North Beach,,Gypsies
0,2002-08-17,,,Bigfoot's Movie Party,
50,2002-08-18,Spanky,Berkeley,Photo Hash,EBH3
51,2002-08-23,Nutless Sac & ChinChin,North Beach,,FMH3
52,2002-08-26,Rev. Itchy,Marina,,SFH3
53,2002-08-29,Worm & Beaver Spit,Los Gatos,,FHAC-U
54,2002-08-30,Apple Pie Ho & Poopy Pants,Saratoga,,SVH3
55,2002-09-01,Tongueless & Fits In,Larkspur,,EBH3/Gypsies
56,2002-09-02,Dr. Kimble & Bag Lady,Rodeo Beach,,SFH3
57,2002-09-06,Handjob for Humanity,Richmond,,Gypsies
58,2002-09-08,Sniff My Box & Wankee Doodle,Fort Miley,AGM,SFH3
59,2002-09-09,Beastie Boy & Naked Hasher,Pacific Heights,,SFH3
60,2002-09-12,Bigfoot & Beats Me & Just Laura,Glen Park,,Gypsies
61,2002-09-15,Sister Mary,Niles,,EBH3
62,2002-09-16,Morning Missile & Three Ball Jay,Sunset,Halfway to St. Patrick's,SFH3
63,2002-09-19,Gonad & Just Sean,Haight,,Gypsies
64,2002-09-20,Splat,Hayward,,FHM3
65,2002-09-26,Poopy Pants & Three Ball Jay,Inner Sunset,,Gypsies
66,2002-09-29,Scarlett & Rhett,El Cerrito,,EBH3
67,2002-10-06,Cuming Mutha & On All Fours,Fort Baker,,Marin H3
68,2002-10-10,,Golden Gate Park,,Gypsies
69,2002-10-11,Stickless & Shitfaced,Big Basin,,SVH3
70,2002-10-12,Cuming Mutha et al.,Muir Woods,SFH3 1000,SFH3
71,2002-10-13,Cupcake & Pedals His Ass,Fairfield,,EBH3
72,2002-10-18,Chickless Boner,Noe Valley,,FMH3
73,2002-10-19,Shitfaced,Woodside,,SVH3
74,2002-10-21,Glory Hole & Sticky Pants,Presidio,,SFH3
75,2002-10-24,Just John,Glen Park,,Gypsies
76,2002-10-27,Wankee Doodle & Cupcake,Downtown Berkeley,,EBH3
77,2002-10-31,Tongueless & I.R. Stupid,Golden Gate Park/Haight,Gypsies 500,Gypsies
78,2002-11-01,Shithead,North Beach,Gypsies 500 Pub Crawl,Gypsies
79,2002-11-02,Gerbil & Spouse,South San Francisco,Gypsies 500/FHAC-U,Gypsies
80,2002-11-03,Rongjon,Ocean Beach,Gypsies 500,Gypsies
81,2002-11-07,Thumper,El Cerrito,,Gypsies
0,2002-11-11,,,Spontaneous Housewarming Pub Crawl,
82,2002-11-14,Bone Marrow,SFSU,,Gypsies
83,2002-11-18,,Mission Beach,,SFH3
84,2002-11-21,Drill Me,Golden Gate Park,,Gypsies
85,2002-11-22,Cupcake & Peniscillin,Castro Valley,,FMH3
86,2002-11-24,Splat & Oral Roberts,North Oakland,,EBH3
87,2002-12-05,Morning Missile & Three Ball Jay & Manhandler,Burnlingame,,Gypsies/FHAC-U
0,2002-12-07,,,Mossy Patch's Party,
88,2002-12-08,Cupcake & McTaco,Berkeley,AGM,EBH3
89,2002-12-12,Cuming Mutha,Presidio,,Gypsies
0,2002-12-14,,,Snowball,SFH3
90,2002-12-15,D-Cup & Xena,Crockett,,OTRH3
91,2002-12-19,Scarlett & Rhett,Pacifica,,Gypsies
92,2002-12-20,Scarlett & Rhett & Phone Sex,Polk Street,,FMH3
93,2002-12-22,Thumper & Cuming Mutha,Oakland Zoo,,EBH3
94,2002-12-26,Enter The Gerbil,Glen Park,,Gypsies
0,2002-12-27,,,Special Pub Crawl,
95,2002-12-30,Oral Roberts,Brisbane,,SFH3
96,2003-01-02,Thumper & Latex Dreams,Bernal Heights,,Gypsies
97,2003-01-05,McTaco & Whisker Biscuit,Mt. Diablo,,EBH3
98,2003-01-06,Handjob for Humanity,Aquatic Park,,SFH3
99,2003-01-11,Thurston & Menage,Pleasanton Ridge,,SVH3
100,2003-01-16,Chickless Boner,Castro/Mission,,Gypsies
101,2003-01-17,Fuck Me Father,Downtown Berkeley,,FMH3
102,2003-01-18,Twinkle Tits,Healdsburg,Wine Crawl,Winers H3
103,2003-01-23,Mr. BoneJangles,Western Addition,,Gypsies
104,2003-01-25,Mossy Patch,Redwood City,,SVH3
0,2003-01-26,,,SVH3-SFH3 Football Game,
105,2003-01-27,Toolbox & Around The Block,Golden Gate Park/Haight,,SFH3
106,2003-01-30,Splat,Daly City,,Gypsies
0,2003-02-01,,,Sex Toy Party,
107,2003-02-02,Excess & Little Johnson,Walnut Creek,,EBH3
108,2003-02-03,Muff Daddy,Glen Park,,SFH3
109,2003-02-06,Genghis Cock,Telegraph Hill,,Gypsies
110,2003-02-10,Escrowtum & Wet Nurse,Haight/Castro,,SFH3
111,2003-02-13,Rongjon,Sunset,,Gypsies
112,2003-02-14,Enter the Gerbil,North Beach,,FMH3
0,2003-02-15,,,Ram Pam's Housewarming,
113,2003-02-16,Peniscillin & Y.B.F.,Lake Chabot,,EBH3
114,2003-02-22,,,Newd & Used Weekend,Phoenix H3
115,2003-02-27,Gonad,Presidio,,Gypsies
116,2003-03-02,Splat & Thurston,Tilden Park,Hared,EBH3
117,2003-03-03,Butt Floss & Latex Dreams,Lake Merritt,,Global Harriettes
118,2003-03-08,Ram Pam & Wet Hairs,Huddert Park,Mud Run,SVH3
119,2003-03-13,Cock Exchange,Downtown,,Gypsies
120,2003-03-14,,Palm Springs,Betty Ford Lingere Run,OCH3
121,2003-03-15,,Palm Springs,Betty Ford Hash In the Rain,OCH3
122,2003-03-20,Gerbil & Manisex Destiny,Forest Hill,,Gypsies
123,2003-03-21,Peniscillin,San Leandro,,FMH3
124,2003-03-24,Pinprick & Erection Overruled,Marina,,SFH3
125,2003-03-27,Tongueless & I.R. Stupid,Financial District,Black Dress,Gypsies
126,2003-03-30,Thumper & Sheep Style,Round Valley,,EBH3
127,2003-03-31,Motormount & Pussy Whistle,West Portal,,SFH3
128,2003-04-03,Rongjon,Corona Heights,AGM & 10th Anniversary,Gypsies
129,2003-04-05,Spouse & Rhoids,Redwood City,Red Dress,SVH3
130,2003-04-06,Danglin' Anglin,Petaluma,,Gypsies/Marin
0,2003-04-12,,,SF Beer Festival,
131,2003-04-13,DFlowered & Bananas,Garin Park,,EBH3
132,2003-04-17,Open Wide,Russian Hill,,Gypsies
133,2003-04-18,Morning Missile,Sunnyvale,,FMH3
134,2003-04-19,Apple Pie Ho & Penis Flytrap,Saratoga,,SVH3
135,2003-04-24,Mr. BoneJangles,Mission,,Gypsies
136,2003-04-27,Cupcake & Rev. Itchy,Mill Valley,,EBH3/Marin
137,2003-05-01,Splat,Haight,,Gypsies
138,2003-05-03,Accuprick & Menage,San Jose,,SVH3
139,2003-05-04,Banana Basher & Puff,Santa Cruz,,Monterey Bay H3
140,2003-05-05,No Hands,Haight,,SFH3
141,2003-05-08,Bigfoot & Gerbil,Stern Grove,,Gypsies
142,2003-05-09,Splat,Lake Merritt,,FMH3
143,2003-05-11,Sheep Style & Cupcake,Lafayette,,EBH3
144,2003-05-12,Handjob For Humanity & Blowfish,Haight/Mission,,SFH3
145,2003-05-15,Rongjon,Land's End,B2B Prelube,Gypsies
0,2003-05-16,,,B2B Pub Crawl,SFH3
146,2003-05-17,Accuprick & Morning Missile,Marina/North Beach,B2B,SVH3
0,2003-05-18,,,B2B & Other Wretched Excess,SFH3
147,2003-05-25,Excess & Peniscillin,Alamo/Las Trampas,,EBH3
148,2003-05-26,The Pattersons,North Beach,,SFH3
149,2003-05-29,Gerbil & Cock Exchange & MP2,South San Francisco,,Gypsies
0,2003-05-30,,,Whip It Out At The Ballgame,
150,2003-06-01,Escrowtum,Novato,,Marin H3
151,2003-06-02,Naked Hasher & Captain Cooter,North Beach,,SFH3
0,2003-06-06,,,Paula's Birthday Party,
152,2003-06-08,Fits In & Tongueless,Phoenix Lake,,EBH3
153,2003-06-13,Bigfoot & Manisex Destiny,Mission,Breathalyzer,FMH3
154,2003-06-18,,Yoyogi Uehara,,Tokyo Ladies H3
155,2003-06-23,Oral Roberts & OuiOui,South San Francisco,Bio-Hash,SFH3
0,2003-06-28,,South Lake Tahoe,,Iguanas H3
0,2003-07-03,,Chico,NorCal Prelube,
0,2003-07-05,,Manton,NorCal Campout,
156,2003-07-10,Dick Chick,Pacific Heights,,Gypsies
157,2003-07-11,Y.P.L.,Berkeley,,FMH3
158,2003-07-14,WeeWee & Gored Bush,Nob Hill,,SFH3
159,2003-07-17,Mr. BoneJangles & Cock Exchange,North Beach,,Gypsies
160,2003-07-19,Naked Hasher & Bitch's Bitch & Vegematic & Little Johnson & Das Poop,Point Richmond,,All Bay Hash
161,2003-07-20,Boulder Holder & Scrum Muffin & Panty Free & Spanks,Las Trampas,,EBH3
162,2003-07-21,Dildo et al.,Presidio,,SFH3
163,2003-07-24,Pied Piper,Daly City,,Gypsies
164,2003-07-26,Morning Missile & Panty Free,Santa Cruz,669th,SVH3
165,2003-07-28,Cuming Mutha & On All Fours,SOMA,Red Dress,SFH3
166,2003-08-07,Y.B.F. & Cock Exchange & Goes Down Easy,Mission,,Gypsies
167,2003-08-10,Captain Organ,Outer Richmond,AGM,SFH3
168,2003-08-11,Shit Eating Grin & Wide Angle,Marina,,SFH3
169,2003-08-14,Chickless Boner,Noe Valley,,Gypsies
170,2003-08-15,Mr. BoneJangles,Tenderloin,,FMH3
0,2003-08-16,,,Luau,SVH3
171,2003-08-17,Thumper,Sibley Volcanic,,EBH3
172,2003-08-24,Wet Nurse,San Anselmo,,Marin H3
173,2003-08-28,Thumper,Sausalito,,Gypsies
174,2003-08-31,Sheep Style & Just Lisa,Joaquin Miller,,EBH3
175,2003-09-01,Who's Your Daddy,West Portal,,SFH3
176,2003-09-04,Inner Richmond,Spouse & Wood,,Gypsies
177,2003-09-08,Sniff My Box,Haight/Inner Sunset,,SFH3
178,2003-09-11,Rongjon,Golden Gate Park,Open Wide & Likes To Lick Wedding Hash,Gypsies
179,2003-09-12,Little Johnson,Rockridge,,FMH3
180,2003-09-14,Y.B.F. & Morning Missile,Point Pinole,,EBH3
181,2003-09-15,Erection Overruled & Crack-Up,Potrero Hill,,SFH3
182,2003-09-18,Morning Missile & Rhoids & Bigfoot,Millbrae,,Gypsies
183,2003-09-22,Coitus Avoidus & Where's My Vagina & Cock Exchange,Pacific Heights,,SFH3
184,2003-09-25,Mr. BoneJangles,Marina,,Gypsies
185,2003-09-28,Cupcake & Butt Floss,Angel Island,Angel Island Campout,EBH3
186,2003-09-29,Splat & Oral Roberts,Western Addition,,SFH3
187,2003-10-02,Rongjon,Ocean Beach/Golden Gate Park,Rongjon's Birthday,Gypsies
188,2003-10-06,Naked Hasher & Oral Roberts,North Beach,,SFH3
189,2003-10-09,Splat,Balboa Park,,Gypsies
190,2003-10-10,Fits In & Tongueless,North Beach,,FMH3
191,2003-10-11,Twinkle Toes & Pushy Bitch,Windsor/Russian River,,Winers H3
192,2003-10-12,Splat & Thumper,Tilden Park/Lake Anza,,EBH3
193,2003-10-16,Genghis Cock,Presidio/Marina,,Gypsies
194,2003-10-19,Useless Tool,Ross Valley,,Marin H3
195,2003-10-20,Motormount & Jizzard,Haight/Castro,,SFH3
196,2003-10-23,Mr. BoneJangles & Spanks,Golden Gate Park,,Gypsies
0,2003-10-25,,,Gored Bush's Party,
197,2003-10-26,Tequila Sunset & Honey Bush,Berkeley,,EBH3
198,2003-10-27,Rongjon,Marina,,SFH3
199,2003-10-30,McTaco & Dick Chick,Haight/Castro,,Gypsies
0,2003-10-31,,,Hash-oween,
200,2003-11-01,Morning Missile & Apple Pie Ho & Penis Flytrap,Saratoga,AGM,SVH3
201,2003-11-06,Pope,Hammersmith,,West London H3
0,2003-11-08,,,Woking Beer Festival,
202,2003-11-13,Cock Exchange & Boulder Holder & Spanks,Potrero Hill,,Gypsies
203,2003-11-17,Captain Organ & Pocahumpus,Noe Valley,,SFH3
204,2003-11-20,I.R. Stupid,South Sunset,Met Bear Trap,Gypsies
205,2003-11-23,Little Johnson,Chabot Park,,EBH3
206,2003-11-27,Tongueless & Splat,Rodeo Beach,,Gypsies
207,2003-11-29,Enter the Gerbil & Apple Pie Ho,San Luis Obispo,North South,North South
208,2003-12-05,Gonad & Mr. BoneJangles,Haight,,FMH3
209,2003-12-07,Cupcake,Lake Merritt,AGM,EBH3
210,2003-12-08,Dr. Kimble & Pencil Dick,Marina,,SFH3
211,2003-12-11,Dick Chick,Baker Beach/Presidio,,Gypsies
212,2003-12-13,I.R. Stupid,Burlingame,,SVH3
0,2003-12-13,,,Snowball,SFH3
213,2003-12-15,Triple Nipple & Dirk Dickless,SOMA,,SFH3
214,2003-12-18,Dr. Kimble,Sausalito,,Gypsies
215,2003-12-21,Thumper,Temescal Park,Festivus,EBH3
216,2003-12-28,,Downtown Boston,,Boston H3
217,2004-01-04,Whisker Biscuit & Golden Receiver,Black Diamond,,EBH3
218,2004-01-05,Hoseblower & Ultrahead,Daly City,,SFH3
219,2004-01-08,Bone Marrow,Pacific Heights,,Gypsies
220,2004-01-09,Oral Roberts & Speed Hump,Hayward,,FMH3
221,2004-01-12,Udder Moron,Haight,,SFH3
222,2004-01-15,Ghengis Cock,Marina,,Gypsies
223,2004-01-17,Premature Evacuation & Brass Bra,Cloverdale,Wine Crawl,Winers H3
224,2004-01-22,S.O.S.,Presidio,,Gypsies
225,2004-01-26,Muff Daddy & Who's Your Daddy & Rocky Mountain Oyster,Glen Park,,SFH3
226,2004-01-29,Panty Free & Boulder Holder,Lincoln Park,,Gypsies
227,2004-02-01,Y.B.F.,Chabot Park,,EBH3
228,2004-02-05,5150,Bernal Heights,,Gypsies
229,2004-02-06,Rongjon,Inner Sunset,,FMH3
230,2004-02-09,Escrowtum,Castro,Tiara Run,SFH3
231,2004-02-12,Rongjon,Golden Gate Park,,Gypsies
232,2004-02-19,Manisex Destiny,Glen Park,,Gypsies
0,2004-02-20,,,Tongueless' Birthday,
233,2004-02-23,Rocky Mountain Oyster & Who's Your Daddy,Sunset,,SFH3
234,2004-03-04,Gonad,Richmond,,Gypsies
235,2004-03-05,Holy Nipples & R.U. Gay,Mission,,FMH3
0,2004-03-06,,,Urban Iditarod,
236,2004-03-08,Ball Handler & Muff Snatcher,North Beach,,SFH3
237,2004-03-11,Drill Me,Corona Heights,,Gypsies
0,2004-03-13,,Palm Springs,Betty Ford XVIII,OCH3
238,2004-03-18,I.R. Stupid & Tongueless,Nob Hill/Downtown,Black Dress,Gypsies
0,2004-03-20,,,St. Pattersi Party,
239,2004-03-25,Holy Nipples & R.U. Gay,Western Addition,,Gypsies
240,2004-03-28,DFlowered & Bananas,Garin Park,,EBH3
241,2004-03-29,L.C.B.,Golden Gate Park,,SFH3
242,2004-04-01,Rongjon,Presidio,AGM,Gypsies
243,2004-04-02,Cream Filled Buns,Polk Street,,FMH3
244,2004-04-04,Drill Me & Danglin' Anglin,Petaluma,,Gypsies
245,2004-04-05,Splat & F.O.S. & Circle Jerk,Haight/Castro,,SFH3
246,2004-04-08,Splat,Golden Gate Heights,,Gypsies
247,2004-04-11,Thumper & Latex Dreams,Lafayette,,EBH3
248,2004-04-15,Wet Nurse,Baker Beach,,Gypsies
249,2004-04-19,Little Willie & Just Laura,Presidio,,SFH3
250,2004-04-22,Mr. BoneJangles,SOMA,,Gypsies
0,2004-04-23,,,Nutless Sac's Bachelor Party,
251,2004-04-25,Rev. Itchy & Cupcake,Mill Valley,,EBH3
252,2004-04-26,Fill Her Up & Burning Man,North Beach,,SFH3
253,2004-04-29,Scarlett & Peteophile,Bernal Heights,,Gypsies
254,2004-05-06,Likes to Lick & Dr. Kimble,Corte Madera,,Gypsies
255,2004-05-07,Y.P.L.,Berkeley,,FMH3
256,2004-05-09,C.U. Jimmy & Ying Tong,Sunol Regional,,EBH3
257,2004-05-10,Pubic Perm,Outer Sunset,,SFH3
258,2004-05-13,Rongjon,Lincoln Park,,Gypsies
259,2004-05-14,Handjob for Humanity,North Beach,B2B,SFH3
260,2004-05-15,Glory Hole,Presidio,B2B,SFH3
0,2004-05-16,,,B2B,SFH3
261,2004-05-20,Enter the Gerbil & Manisex Destiny,Mt. Davidson,,Gypsies
262,2004-05-23,Excess,Las Trampas,,EBH3
263,2004-05-24,F.O.S.,Bernal Heights,,SFH3
264,2004-06-04,Bigfoot & Manisex Destiny,North Beach,,FMH3
265,2004-06-06,Tongueless & Fits In,Marin Headlands,,EBH3
266,2004-06-07,S.O.S. & Chamber Pot,Bernal Heights,,SFH3
267,2004-06-10,Tits 4 Hire,Potrero Hill,,Gypsies
268,2004-06-14,Splat & Bear Trap,McLaren Park,,SFH3
269,2004-06-17,Drill Me & Danglin' Anglin,Golden Gate Park,,Gypsies
0,2004-06-18,,,Whip It Out At The Ballgame III,
270,2004-06-20,Y.B.F. & Buttfloss,Redwood,,EBH3
271,2004-07-01,Bone Marrow,Noe Valley,,Gypsies
272,2004-07-02,Splat,Rockridge,,FMH3
273,2004-07-08,I.R. Stupid,Sunset,,Gypsies
274,2004-07-11,Apple Pie Ho & Penis Flytrap,Thousand Oaks,,Ventura H3
0,2004-07-22,,Cardiff,Red Dress,
275,2004-07-24,,Cardiff,World Interhash,
276,2004-07-25,,Cardiff,World Interhash,
277,2004-07-29,Gonad,Haight,,Gypsies
278,2004-07-30,Fits In & Tongueless & Gerbil,North Beach,,FMH3
0,2004-08-01,,,Marathon Beer Check,SFH3
279,2004-08-05,Manhole,Civic Center,,Gypsies
280,2004-08-12,Lois Lame,Golden Gate Park,,Gypsies
281,2004-08-15,Y.P.L.,Pleasanton,,EBH3
282,2004-08-16,Tom Thumb,Russian Hill,,SFH3
283,2004-08-19,Peteophile & Scarlett,Presidio,,Gypsies
0,2004-08-20,,,AGM,SFH3
284,2004-08-22,,,Anti-Ranger Run,
285,2004-08-27,Wet Nurse & Fill 'er Up,Richmond,,FMH3
0,2004-08-28,,,Scarlett's Wedding,
286,2004-09-02,Gerbil & Mr. BoneJangles,Haight,,Gypsies
287,2004-09-06,Naked Hasher & Bitch's Bitch,Marina,,SFH3
288,2004-09-09,Mr. BoneJangles,Pacific Heights,,Gypsies
289,2004-09-12,Sheep Style,Tilden,,EBH3
290,2004-09-13,Sniff My Box & Coitus Avoidus,North Beach,,SFH3
291,2004-09-16,Bigfoot & Y.B.F.,Golden Gate Park,,Gypsies
292,2004-09-20,Jizzard & Fucked Up Parts,Presidio,,SFH3
293,2004-09-23,Ben Gay,St. Francis,,Gypsies
294,2004-09-24,Mr. BoneJangles & Just Alexa,SOMA,,FMH3
295,2004-09-26,B.O.T.S. & F.O.S.,Moraga,,EBH3
296,2004-09-27,Who's Your Daddy & Rocky Mountain Oyster,St. Francis,,SFH3
297,2004-09-30,Tongueless & I.R. Stupid,Golden Gate Park,Gypsies 600,Gypsies
298,2004-10-01,Shithead,,Gypsies 600 Pub Crawl,Gypsies
299,2004-10-02,Morning Missile & Gunga Dick & I.R. Stupid,Palo Alto,SVH3 700,SVH3
300,2004-10-03,Crutch Cargo,San Bruno,SVH3 700,SVH3
301,2004-10-07,Mr. BoneJangles,Lincoln Park,,Gypsies
302,2004-10-10,St. Barf,Orinda,,EBH3
303,2004-10-14,Holy Nipples,Castro,,Gypsies
304,2004-10-21,Racks of Lamb & Spanks,Marina,,Gypsies
305,2004-10-24,Circle Jerk,Berkeley,,EBH3
306,2004-10-28,Splat & Bear Trap,Mission Bay/South Beach,,Gypsies
307,2004-10-29,Panty Free,North Beach,,FMH3
308,2004-10-31,Chickless Boner,Noe Valley,Hashoween,SFH3
309,2004-11-11,I.R. Stupid,Sunset,,Gypsies
310,2004-11-18,Peteophile & Scarlett,West Portal,,Gypsies
311,2004-11-21,Oral Roberts,Tilden,,EBH3
312,2004-11-25,Splat & Tongueless,Rodeo Beach,,Gypsies
313,2004-11-27,Pussy Killer & D.S.W.B.,Foster City,,SVH3
314,2004-12-02,Gonad,Richmond,,Gypsies
315,2004-12-05,Splat & Bear Trap & Peter Jackoff,Martinez,,EBH3
316,2004-12-09,Betty Cock In Her & Bear Trap,Glen Park,,Gypsies
0,2004-12-11,,,Snowball,SFH3
317,2004-12-13,,Presidio,,SFH3
318,2004-12-16,Mr. BoneJangles,South Beach,,Gypsies
319,2004-12-17,Svendover & Zydeco,Fisherman's Wharf,,FMH3
320,2004-12-19,Thumper & A.J.,Knowland Park,,EBH3
321,2005-01-02,Whisker Biscuit & Golden Receiver,Alameda,,EBH3
322,2005-01-06,Scarlett & Peteophile,Presidio,,Gypsies
323,2005-01-08,,Tempe,,Zonie H3
324,2005-01-13,Drill Me & Danglin' Anglin,Twin Peaks,,Gypsies
325,2005-01-16,Little Johnson,Redwoods Park,,EBH3
326,2005-01-17,Rocky Mountain Oyster,West Portal,,SFH3
327,2005-01-20,Bear Trap & Early To Bed,Western Addition,,Gypsies
328,2005-01-21,Peter Jackoff,Albany,,FMH3
329,2005-01-24,Glory Hole & Crabs,Russian Hill,,SFH3
330,2005-01-27,I.R. Stupid,Lincoln Park,,Gypsies
331,2005-01-30,Sheep Style,Alamo,,EBH3
332,2005-02-03,Chickless Boner,Castro,,Gypsies
333,2005-02-06,Pencil Dick,Fort Baker,,Marin H3
334,2005-02-10,Naked Hasher & Just Bob,North Beach,,Gypsies
335,2005-02-13,Oral Roberts,Briones,,EBH3
336,2005-02-24,Manisex Destiny & Betty Cock In Her,Haight,,Gypsies
337,2005-02-25,Spouse & Crutch Cargo,Burlingame,,FHM3
338,2005-02-27,Thumper & McTaco,Sibley,,EBH3
0,2005-03-04,,,Tongueless's Birthday,
0,2005-03-05,,,Urban Iditarod,
339,2005-03-07,Ball Handler & Little Willy,Downtown,,SFH3
340,2005-03-10,Accuprick & Spouse,Campbell,,FHAC-U
341,2005-03-11,,,Betty Ford XIX,OCH3
342,2005-03-12,,,Betty Ford XIX,OCH3
343,2005-03-13,,,Betty Ford XIX,OCH3
344,2005-03-14,Circle Jerk & Pythagorass,Bernal Heights,,SFH3
345,2005-03-17,Mr. BoneJangles & Spanks,North Beach,,Gypsies
346,2005-03-24,I.R. Stupid & Tongueless,Financial District,Black Dress,Gypsies
347,2005-03-27,Butt Floss & B.O.T.S.,Stonewall,,EBH3
348,2005-03-28,Oral Roberts & Captain Organ,Haight/Hayes,,SFH3
349,2005-03-31,Splat,Russian Hill,,Gypsies
350,2005-04-03,Danglin' Anglin,Petaluma,Pound It III,Gypsies
351,2005-04-07,Rongjon,Corona Heights,AGM,Gypsies
352,2005-04-10,Splat & Y.B.F.,Albany,AGM,EBH3
353,2005-04-25,,,,Christchurch H3
354,2005-05-05,Holy Nipples & R.U. Gay,McLaren Park,,Gypsies
355,2005-05-09,Cums Quickly,Glen Park,,SFH3
356,2005-05-12,Ronjon,China Basin,,Gypsies
357,2005-05-13,Wet Nurse & Escrowtum,Polk Street,B2B,SFH3
358,2005-05-14,Who's Your Daddy et al.,,B2B,SFH3
0,2005-05-15,,,B2B,SFH3
359,2005-05-19,Enter The Gerbil,Presidio,,Gypsies
360,2005-05-20,Gonad,Potrero Hill,,FMH3
361,2005-05-22,DFlowered & Bananas,Union City,,EBH3
362,2005-05-26,Dr. Kimble,Corte Madera,,Gypsies
363,2005-05-30,Whoracle & Handjob 4 Humanity,Presidio,,SFH3
364,2005-06-02,Tits 4 Hire & Do Me Decimal,Bernal Heights,,Gypsies
365,2005-06-05,Tongueless & Fits-In,Novato,,EBH3
366,2005-06-09,Chickless Boner,Noe Valley,,Gypsies
0,2005-06-10,,,Whip It Out IV,
367,2005-06-13,Pythagorass & Nutlicker,Golden Gate Park,,SFH3
368,2005-06-16,Pied Piper & I.R. Stupid,Daly City,,Gypsies
369,2005-06-19,F.O.S. & L.C.B.,Shepherd Canyon,,EBH3
370,2005-06-23,Drill Me & Danglin' Anglin,Rodeo Beach,,Gypsies
371,2005-06-24,Bigfoot & Manisex Destiny,Castro,,FMH3
372,2005-06-27,Eat My Pussy & Fuck Buddy,Castro,,SFH3
373,2005-06-30,Open Wide,Corte Madera,,Gypsies
374,2005-07-03,Splat,Downtown Oakland,,EBH3
375,2005-07-07,Manisex Destiny,Forest Hill,,Gypsies
376,2005-07-14,Likes To Lick,Marin City,,Gypsies
377,2005-07-22,,,Wharf to Barf,SCH3
378,2005-07-23,,,Wharf to Barf,SCH3
379,2005-07-25,Scrum Muffin & Fill 'er Up,North Beach,,SFH3
380,2005-07-28,Scrum Muffin,North Beach,,Gypsies
381,2005-08-04,Mr. BoneJangles,Richmond,,Gypsies
382,2005-08-11,Manisex Destiny,Upper Haight,,Gypsies
383,2005-08-14,Excess,Mt. Diablo,,EBH3
384,2005-08-15,Splat & Mr. BoneJangles & Morning Missile,Pacific Heights,,SFH3
385,2005-08-18,Scarlett & Peteophile,Presidio,,Gypsies
386,2005-08-19,Scrum Muffin,North Beach,,FMH3
387,2005-08-20,Stickless & Shitfaced,Woodside,Pool Party,SVH3
388,2005-08-25,Betty Cock In Her,North Beach,,Gypsies
389,2005-09-01,Pied Piper,Lake Merced,,Gypsies
390,2005-09-08,Splat,North Berkeley,,Gypsies
391,2005-09-11,Cupcake & Butt Floss,Angel Island,,EBH3
392,2005-09-15,Morning Missile & Bigfoot & 'Roids of London,South San Francisco,,Gypsies
393,2005-09-16,Morning Missile,Sunnyvale,,FMH3
394,2005-09-18,Bucket Slut & Bitch's Bitch & Glory Hole,Larkspur,,Marin H3
395,2005-09-19,Jizzard,Marina,,SFH3
396,2005-09-23,Splat & F.O.S. & L.C.B.,Downtown San Diego,,SDH3
397,2005-09-24,,Vista,Hash-athon,Humpin' H3
398,2005-09-29,Smokey & Slicker & Naked Hasher,Sausalito,,Gypsies
399,2005-10-06,Rongjon,Ocean Beach,,Gypsies
400,2005-10-09,Little Johnson & Thumper,Sobrante Ridge,,EBH3
401,2005-10-10,Pythagorass,North Beach,,SFH3
402,2005-10-13,I.R. Stupid & Licks It Clean,Golden Gate Park,,Gypsies
403,2005-10-14,Peter Jackoff,Lower Haight,,FMH3
404,2005-10-16,Splat & Wet Nurse,Marin Headland,,Marin H3
405,2005-10-17,Rocky Mountain Oyster & Cuming Mutha,West Portal,,SFH3
406,2005-10-20,Chickless Boner & Gored Bush,Portola,,Gypsies
407,2005-10-23,Peter Jackoff & Oral Roberts,Black Diamond,,EBH3
408,2005-10-27,Splat,Polk Street,,Gypsies
409,2005-10-29,Finger In The Dyke & Beaver Spit,Palo Alto,AGM,SVH3
410,2005-11-06,Mr. Logic & Y.B.F.,Danville,,EBH3
411,2005-11-10,Enter the Gerbil,Twin Peaks,,Gypsies
412,2005-11-11,Racks of Lamb,Rockridge,,FMH3
413,2005-11-13,Hummer,San Rafael,,Marin H3
414,2005-11-17,Mr. BoneJangles,Golden Gate Park,,Gypsies
415,2005-11-20,Dr. Kimble,Point Richmond,,EBH3
416,2005-11-21,Scrum Muffin,Marina,,SFH3
417,2005-11-24,Tongueless & Splat,Rodeo Beach,Thanksgiving,Gypsies
418,2005-11-25,,,North South,North South
419,2005-11-26,,,North South,North South
0,2005-12-03,,,Snowball,SFH3
420,2005-12-04,Little Johnson,Tilden,,EBH3
421,2005-12-05,The Guzzler,Potrero Hill,,SFH3
422,2005-12-08,Scarlett & Peteophile,South Beach,,Gypsies
423,2005-12-12,Little Willy & Just Eliza,Presidio,,SFH3
424,2005-12-15,Rongjon,Sunset,,Gypsies
425,2005-12-16,Betty Cock In Her & Do Me Decimal,SOMA,,FMH3
426,2005-12-18,Butt Floss & B.O.T.S.,Lake Chabot,,EBH3
427,2005-12-19,Cuming Mutha & Roto-Rooter,SOMA,,SFH3
428,2005-12-22,Phone Sex,Corona Heights,,Gypsies
429,2006-01-05,Tongueless & I.R. Stupid & Mr. BoneJangles,Norht Beach,,Gypsies
430,2006-01-07,Splat & Who's Your Daddy & Rhythm Method,Belmont,,SVH3
431,2006-01-09,Muff Daddy,Civic Center,,SFH3
432,2006-01-12,Maladjusted,SOMA,,Gypsies
433,2006-01-13,Peter Jackoff,Albany,,FMH3
434,2006-01-14,,Healdsburg,Wine Crawl,Winers H3
435,2006-01-15,Oral Roberts,Redwood,,EBH3
436,2006-01-22,Itchy Stick,Tiburon,,Marin H3
437,2006-01-23,Hoseblower & Ultrahead,Marina,,SFH3
438,2006-01-26,I.R. Stupid & Licks It Clean,Ingleside,,Gypsies
439,2006-01-28,Crag Fag & Big Brown Box,,,Sacramento H3
440,2006-01-29,B.O.T.S.,Berkeley,,EBH3
441,2006-02-02,Gonad,Cow Hollow,,Gypsies
442,2006-02-06,O Shit,Marina,,SFH3
443,2006-02-09,Bigfoot,Twin Peaks,,Gypsies
444,2006-02-11,Is It In Yet & Little Pink,Tempe,Red Dress,Phoenix H3
445,2006-02-20,Captain Organ,Mission,,SFH3
446,2006-02-23,Tongueless & Fits In,Presidio,,Gypsies
447,2006-02-26,Splat & Just Claudine,Berkeley Marina,,EBH3
448,2006-03-02,Betty Cock In Her,Glen Park,,Gypsies
449,2006-03-06,Muff Snatcher,Downtown,,SFH3
0,2006-03-11,,Palm Springs,Betty Ford XX,OCH3
450,2006-03-16,Beaver Spit & Pussy Killer,San Mateo,,Gypsies/Agnews
451,2006-03-17,Little Johnson,Kensington,,FMH3
452,2006-03-18,Crutch Carco & Cockiss,Saratoga,,SVH3
453,2006-03-23,I.R. Stupid & Tongueless,Nob Hill,Little Black Dress,Gypsies
454,2006-03-25,Womb Service & Little Pink,Tempe,,LPFPH3
455,2006-03-30,Scrum Muffin,Marina,,Gypsies
456,2006-04-02,Danglin' Anglin & Drill Me,Petaluma,Pound It In Petaluma,Gypsies
457,2006-04-06,Rongjon,Sunset,AGM,Gypsies
458,2006-04-09,Excess & Splat,Walnut Creek,,EBH3
459,2006-04-13,Who's Your Daddy,Stern Grove,,Gypsies
460,2006-04-17,Little Willy & Beastie Boy,Lincoln Park,,SFH3
461,2006-04-20,Mr. BoneJangles,Presidio,,Gypsies
462,2006-04-23,Strapon Dictator,Mill Valley,,Marin H3
463,2006-04-27,Splat,Mt. Sutro,,Gypsies
464,2006-05-04,Holy Nipples & R.U. Gay,Crocker Amazon,,Gypsies
465,2006-05-07,D-Cup & Ybrator,Benicia,,EBH3
466,2006-05-12,Splat,Downtown Oakland,,FMH3
467,2006-05-15,Tits 4 Hire & Do Me Decimal,Potrero Hill,,SFH3
468,2006-05-19,Handjob for Humanity,Castro,Bay to Breakers,SFH3
0,2006-05-20,,,Bay to Breakers,SFH3
0,2006-05-21,,,Bay to Breakers,SFH3
469,2006-05-25,Enter The Gerbil,Diamond Heights,,Gypsies
470,2006-05-27,Gonad,Fairfax,,Marin H3
471,2006-06-01,Escrowtum,Marin City,,Gypsies
472,2006-06-04,Excess,Mt. Diablo,,EBH3
473,2006-06-09,Bigfoot & Manisex Destiny,Embarcadero,,FMH3
474,2006-06-17,,Hood River,,Iguanas H3
475,2006-06-22,Danglin' Anglin,Golden Gate Park,,Gypsies
476,2006-06-26,Morning Missile & Spouse,China Basin,,SFH3
477,2006-06-29,Bucket Slut,Sausalito,,Gypsies
478,2006-07-02,Splat,Livermore,,EBH3
479,2006-07-03,Stroke and Blow,Presidio Campout,,SFH3
480,2006-07-07,,San Diego,Red Dress,SDH3
481,2006-07-08,,San Diego,Running of the Bulls,SDH3
482,2006-07-09,,San Diego,,Humpin' H3
483,2006-07-14,Splat & Morning Missile,,Whip It Out,FHM3
484,2006-07-16,Svendover,Walnut Creek,,EBH3
485,2006-07-17,Cuming Mutha,Marina,Red Dress,SFH3
486,2006-07-20,Slicker 'n Snot & Naked Hasher,Sausalito,,Gypsies
487,2006-07-21,,Santa Cruz,Wharf to Barf,SCH3
488,2006-07-22,,Santa Cruz,Wharf to Barf,SCH3
489,2006-07-23,Banana Basher,Santa Cruz,Wharf to Barf,SCH3
490,2006-07-30,Banana In Public,Berkeley,,EBH3
491,2006-07-31,Harlot & Mammaries,Marina,,SFH3
492,2006-08-06,Mammaries & Frozen Cum & Cumming Mutha,Muir Woods,,Anti-Ranger H3
493,2006-08-07,Hard and Lengthy & Just Sara,Presidio,,SFH3
494,2006-08-10,Pissy Half-Sack,Golden Gate Park,,Gypsies
495,2006-08-11,Chickless Boner,Japantown,,FMH3
496,2006-08-13,Beaver Spit,Don Edwards Wildlife Refuge,,EBH3
497,2006-08-17,I.R. Stupid,Ingleside,,Gypsies
498,2006-08-24,Little Pink & Womb Service,Chandler,,LPFPH3
499,2006-08-31,Tongueless & I.R. Stupid,North Beach,Gypsies 700,Gypsies
500,2006-09-01,Splat,Haight,Gypsies 700,Gypsies
501,2006-09-02,Gonad,Corte Madera,Gypsies 700,Gypsies
502,2006-09-03,Rongjon,Stern Grove,Gypsies 700,Gypsies
503,2006-09-08,Wet Nurse,Marina,,FMH3
504,2006-09-10,Butt Floss & B.O.T.S.,Angel Island,,EBH3
505,2006-09-25,Fuck Buddy & Where's My Vagina,Noe Valley,,SFH3
506,2006-09-28,Rongjon,Sunset,,Gypsies
507,2006-09-29,Who's Your Daddy & Stroke and Blow,North Beach,AGM,SFH3
508,2006-10-02,Crabs & Glory Hole,Russian Hill,,SFH3
509,2006-10-06,Who's Your Daddy & 6 Tits,Mission,,FMH3
510,2006-10-08,Sheepstyle & St. Barf,Chabot,,EBH3
511,2006-10-09,I.R. Stupid,Haight,,Gypsies
512,2006-10-19,Chickless Boner,Pacific Heights,,Gypsies
513,2006-10-21,Bozo & Splat,Sacramento,,Sacramento H3
514,2006-10-22,Oral Roberts & Peter Jackoff,Tilden,,EBH3
515,2006-10-26,Splat,Fisherman's Wharf,,Gypsies
516,2006-10-30,Captain Organ & Wet Nurse,Hayes Valley,,SFH3
517,2006-11-03,Havatwat For Humanity,Kate Sessions Park,,San Diego H3
518,2006-11-05,DFlowered & Bananas,Garin Park,,EBH3
519,2006-11-06,Splat,South Beach,,SFH3
520,2006-11-10,I.R. Stupid,San Mateo,,FMH3
521,2006-11-19,Excess,Las Trampas,,EBH3
522,2006-11-20,6 Tits & Prances With Wolves,Potrero Hill,,SFH3
523,2006-11-23,Drill Me & Morning Missile,Rodeo Beach,,Gypsies
524,2006-11-30,Betty Cock In Her,Golden Gate Park,,Gypsies
525,2006-12-01,Mr. BoneJangles,Tenderloin,,FMH3
526,2006-12-03,Banana In Public & Hairless Hot Rod,Berkeley,,EBH3
527,2006-12-07,Danglin' Anglin & Drill Me,Presidio,,Gypsies
0,2006-12-09,,,Snowball,SFH3
528,2006-12-14,Gonad,Potrero Hill,,Gypsies
529,2006-12-17,Splat & Svendover,Lafayette,,EBH3
530,2006-12-18,Pubic Perm & Gluteus Munchimus,,,SFH3
531,2006-12-28,I.R. Stupid,West Portal,,Gypsies
532,2006-12-31,D-Cup & Splat,Lake Merritt,,EBH3
533,2007-01-05,Splat & Peter Jackoff,Albany,,FMH3
534,2007-01-13,Drop and Do It,Windsor,Wine Crawl,Winers H3
535,2007-01-18,Licks It Clean,Upper Haight,,Gypsies
536,2007-01-20,Naked Hasher & Hairless Hot Rod,Mill Valley,,Marin H3
537,2007-01-22,Muff Daddy & Udder Moron,Upper Haight,,SFH3
538,2007-01-25,Bucket Slut & Bitch's Bitch,Lincoln Park,,Gypsies
539,2007-01-28,Oral Roberts et al.,Mt. Diablo,EBH3 666,EBH3
540,2007-01-29,Wte Nurse & Archititty & Doggiestyle,Marina,Tiara Run,SFH3
541,2007-02-01,Scarlett O'Hairy & Peteophile,North Beach/Russian Hill,,Gypsies
542,2007-02-02,Y.B.F. & Round The Horn,SOMA,,FMH3
543,2007-02-10,Womb Service & WD30,Phoenix,Red Dress,PH3
544,2007-02-12,Stroke and Blow & Men's Whorehouse,Nob Hill,,SFH3
545,2007-02-22,I.R. Stupid,Golden Gate Park,,Gypsies
546,2007-02-25,Little Johnson,Redwood,,EBH3
547,2007-03-01,I.R. Stupid & Licks It Clean,S.F. State,,Gypsies
548,2007-03-02,Splat & Mr. BoneJangles,North Beach,,FMH3
0,2007-03-03,,The Peso,Tongueless's Birthday,
549,2007-03-09,,Palm Springs,Betty Ford XXI,OCH3
550,2007-03-10,,Palm Springs,Betty Ford XXI,OCH3
551,2007-03-15,Genghis Cock,Russian Hill,,Gypsies
552,2007-03-19,Beastie Boy & Where's My Vagina,Russian Hill,,SFH3
553,2007-03-25,Cuming Mutha & On All 4s,Tilden,,EBH3
554,2007-03-29,Tongueless & I.R. Stupid,Nob Hill,,Gypsies
555,2007-03-31,,,Burning Woman Campout,
556,2007-03-31,,,Burning Woman Campout,
557,2007-03-31,,,Burning Woman Campout,
558,2007-04-01,,,Burning Woman Campout,
559,2007-04-02,Snowball 37 & Doggiestyle,Dogpatch,,SFH3
560,2007-04-05,Rongjon,Corona Heights,,Gypsies
561,2007-04-08,Excess & Lycktonite,Borges Ranch,,EBH3
562,2007-04-09,Handjob For Humanity & Guzzler,McLaren Park,,SFH3
563,2007-04-12,Dr. Kimble,Corte Madera,,Gypsies
564,2007-04-16,Rocky Mountain Oyster,West Portal,,SFH3
565,2007-04-21,Rev. Itchy,Mill Valley,,Marin H3
566,2007-04-23,Satellite Dick & 9 1/2 Wanks,Golden Gate Park,,SFH3
567,2007-05-04,Splat,Jack London,,FMH3
568,2007-05-06,Cupcake,Briones,,EBH3
569,2007-05-18,Handjob For Humanity & Stroke and Blow,Mission,B2B,SFH3
570,2007-05-19,Captain Organ,Noe Valley,B2B,SFH3
0,2007-05-20,,,B2B Sunday,SFH3
571,2007-05-21,Crabs & Fuck Buddy,Castro,,SFH3
572,2007-05-24,Enter the Gerbil,Forest Hill,,Gypsies
573,2007-05-26,Smegmaballs & U.P.M.S.,Grand Canyon,,Iguana H3
574,2007-05-27,Penis Colada,Grand Canyon,,Iguana H3
575,2007-05-31,Tits For Hire,Potrero Hill,,Gypsies
576,2007-06-01,Excess & Lycktonite,Walnut Creek,,FMH3
577,2007-06-03,Splat,Jack London/Lake Merritt,,EBH3
578,2007-06-04,Morning Glory & Cheese Turd,Richmond,,SFH3
579,2007-06-07,Cockiss,Aptos,,SCH3
580,2007-06-11,Who's Your Daddy,Stern Grove,,SFH3
581,2007-06-17,Tongueless & Fits In,China Camp,,EBH3
582,2007-06-21,Drill Me & Danglin' Anglin,Presidio,,Gypsies
0,2007-06-24,,,Whip It Out Yankees,
583,2007-06-25,Gay Little Wizard & Snowball 37,Glen Park,,SFH3
584,2007-06-26,Morning Missile,Sunnyvale,,Finger Day H3
585,2007-06-30,,,NorCal Campout,
0,2007-07-01,,,NorCal Campout,
586,2007-07-06,Manisex Destiny & Bigfoot,Haight,Breathalyzer Pub Crawl,FMH3
587,2007-07-09,Ball Handler & Fuck Buddy,Marina,,SFH3
588,2007-07-12,Naked Hasher,Larkspur,,Gypsies
0,2007-07-15,,,Whip It Out,
589,2007-07-15,,,,EBH3
590,2007-07-16,Stroke and Blow & Who's Your Daddy,North Beach,Red Dress,SFH3
591,2007-07-20,G.A.S. & Mr. BoneJangles,Santa Cruz,Wharf to Barf,SCH3
592,2007-07-21,Banana Basher & R.U. Crammed,Santa Cruz,Wharf to Barf,SCH3
593,2007-07-22,Banana Basher & Pearl Necklace,Santa Cruz,Wharf to Barf,SCH3
594,2007-07-26,Dr. Kimble,Corte Madera,,Gypsies
0,2007-07-28,,,Sacramento Raft Trip,Sacramento H3
595,2007-07-29,F.O.S. & L.C.B.,Joaquin Miller,,EBH3
596,2007-08-11,St. Barf,Orinda,,EBH3
597,2007-08-16,Splat,Noe Valley,,Gypsies
598,2007-08-23,Betty Cock In Her & Rarely Cums,Golden Gate Park,,Gypsies
599,2007-08-25,Little Johnson,Roberts,,EBH3
600,2007-08-27,Fuck Buddy et al.,Noe Valley,,SFH3
601,2007-08-30,I.R. Stupid,S.F. State,,Gypsies
602,2007-08-31,Little Johnson & Splat,Rockridge,,FMH3
603,2007-09-06,Mr. BoneJangles,Japantown,Gypsies 200th! (personal),Gypsies
604,2007-09-08,Oh Shit,Berkeley,,EBH3
605,2007-09-10,Stroke and Blow & Slug & Muff Snatcher,Chinatown,,SFH3
606,2007-09-13,Betty Cock In Her,Telegraph Hill,,Gypsies
607,2007-09-15,Milky Discharge,San Rafael,,Marin H3
608,2007-09-17,Pythagorass & Sniff My Box,Bernal Heights,,SFH3
609,2007-09-20,Cuming Mutha,Golden Gate Park,,Gypsies
610,2007-09-22,Thurston,Wildcat Canyon,,EBH3
0,2007-09-24,,Mission Bay,Giants Oktoberfest,
611,2007-10-08,Orangapoontang & Doggiestyle & Rent Whore,Golden Gate Park,,SFH3
612,2007-10-11,Licks It Clean,Inner Richmond,,Gypsies
613,2007-10-18,Dr. Kimble,Inner Richmond,,Gypsies
0,2007-10-19,,,HN's Birthday Party,
614,2007-10-20,Excess & Lycktonite,Walnut Creek,,EBH3
615,2007-10-25,Splat,North Beach,,Gypsies
616,2007-10-26,,Tucson,Hash de Tucson,jHavelina H3
617,2007-10-27,,Tucson,Hash de Tucson,jHavelina H3
618,2007-10-27,,Tucson,Hash de Tucson,jHavelina H3
619,2007-10-27,,Tucson,Hash de Tucson,jHavelina H3
620,2007-10-27,,Tucson,Hash de Tucson,jHavelina H3
621,2007-10-28,,Tucson,Hash de Tucson,jHavelina H3
622,2007-10-29,Noe Valley Mafia,Castro,,SFH3
623,2007-11-01,Douche of Hazzard,Millbrae,,Gypsies
624,2007-11-03,Beaver Spit & Wet Hairs & Just Pierre,Livermore,,EBH3
625,2007-11-08,Drill Me & Danglin' Anglin,Twin Peaks,,Gypsies
626,2007-11-12,Sausage Factory et al.,Presidio,,SFH3
627,2007-11-19,Slug & Muff Snatcher,Fisherman's Wharf,,SFH3
628,2007-11-22,Tongueless & Splat,Rodeo Beach,Thanksgiving,Gypsies
629,2007-11-23,,Santa Barbara,North South Intercourse,NSH3
630,2007-11-24,,Santa Barbara,North South Intercourse,NSH3
631,2007-11-25,,Santa Barbara,North South Intercourse,NSH3
632,2007-11-29,Betty Cock In Her,Glen Park,,Gypsies
633,2007-11-30,Betty Cock In Her & Rarely Cums,Inner Sunset,,FMH3
634,2007-12-01,Tongueless & Fits In,Corte Madera,,Marin/EBH3
635,2007-12-06,Mr. BoneJangles,Golden Gate Park,,Gypsies
0,2007-12-08,,,Snowball,SFH3
636,2007-12-10,Motor Mount,Dolores Park,,SFH3
637,2007-12-13,Boulder Holder & Scrum Muffin & Spanks,Presidio,,Gypsies
638,2007-12-15,Splat & Y.B.F.,Alameda Point,,EBH3
639,2007-12-20,Morning Missile,South Beach,,Gypsies
640,2007-12-21,Splat,West Berkeley,,FMH3
641,2007-12-27,I.R. Stupid & Tongueless,North Beach,,Gypsies
642,2007-12-29,Arabian Goggler,Hayward,,EBH3
643,2008-01-03,Pied Piper & Lois Lame,Marin City,,Gypsies
644,2008-01-07,S.O.S. & Fucker,Holly Park,,SFH3
645,2008-01-10,Paddle Me,Potrero Hill,,Gypsies
646,2008-01-12,L.J.,Tilden Park,,EBH3
647,2008-01-17,Rongjon,Golden Gate Park,,Gypsies
648,2008-01-19,Premature Evacuation,Healdsburg,Wine Crawl,Winers H3
649,2008-01-21,Ultrahead & Hose Blower,South Park,,SFH3
650,2008-01-24,Splat,West Portal,,Gypsies
651,2008-01-25,Mr. BJ,Financial District,,FMH3
652,2008-02-04,Wet Nurse,Nob Hill,Tiara Run,SFH3
653,2008-02-07,Mr. BJ & Phone Sex,Golden Gate Park,,Gypsies
654,2008-02-09,Crazy Ed & Lois Lame,Redwood Regional,,EBH3
655,2008-02-14,Bone Marrow,Presidio,,Gypsies
656,2008-02-16,B.A.T.T. & RamPam & Lycktonite & Posterior Motive,Palo Alto,,SVH3
657,2008-02-18,Captain Organ,Mission,,SFH3
658,2008-02-21,Manhole,Presidio,,Gypsies
659,2008-02-23,Brown Eyed Gril & Happy Birthday Fuck You,Tempe,Red Dress,Phoenix H3
660,2008-02-24,Who Gives A Shit,Chandler,,Phoenix H3
661,2008-02-25,Fuck Buddy & W.Y.D. & Huevos Verdes & Peekabooby,Japantown,,SFH3
662,2008-02-28,Tongueless & Paddle Me,Presidio,,Gypsies
663,2008-03-08,Splat,Oakland Hills,,EBH3
664,2008-03-14,,Whangarei,NZ Prelube,Auckland H3
665,2008-03-15,,Woodhill Forest(?),NZ Prelube,Auckland H3
666,2008-03-16,,Auckland,Round the Bays Red Dress,Auckland H3
667,2008-03-17,,Rangitoto island,2000th,Auckland H3
668,2008-03-20,,Perth,Red Dress,World Interhash
0,2008-03-21,,Perth,Rugby Game,World Interhash
669,2008-03-22,,Perth,,World Interhash
0,2008-03-23,,Perth,Beach Party,World Interhash
670,2008-03-27,Tongueless & I.R. Stupid,Knob Hill,Black Dress,Gypsies
671,2008-03-29,Major Lying Bastard,Sacramento,Red Dress,Sacramento H3
672,2008-04-03,Rongjon,Corona Heights,AGM,Gypsies
673,2008-04-05,St. Barf,Tilden Park,,EBH3
674,2008-04-06,Drill Me & Danglin,Petaluma,Pound It In Petaluma,Gypsies
675,2008-04-14,Men's Whorehouse & Cumming Mutha,Crissy Field,,SFH3
676,2008-05-01,R.U. Gay,McLaren Park,,Gypsies
677,2008-05-03,Dr. Kimble,Vallejo,,EBH3
678,2008-05-05,Oh Shit & F.O.S. & Good Shit Lollycock,Mission,,SFH3
679,2008-05-15,Rongjon,Lincoln Park,,Gypsies
680,2008-05-16,Splat,North Beach,B2B,SFH3
681,2008-05-17,Splat,Polk Street,B2B,SFH3
0,2008-05-18,,,B2B,SFH3
682,2008-05-23,Splat,Downtown Oakland,,FMH3
683,2008-05-29,Betty Cock in Her,North Beach,,Gypsies
684,2008-05-31,Excess & Lycktonite,Walnut Creek,,EBH3
685,2008-06-05,Dr. Kimble,Sausalito,,Gypsies
686,2008-06-12,Splat,Golden Gate Park,,Gypsies
687,2008-06-14,,Tucson,1000th,jHavelina H3
688,2008-06-19,Drill Me & Danglin,Lake Merced,,Gypsies
689,2008-06-20,Bigfoot & Manisex Destiny,Mission,,FMH3
690,2008-06-23,Captain Organ,Potrero Hill,,SFH3
691,2008-07-02,,Central Park,,NYCH3
692,2008-07-05,Splat,Washington Square Park,,Special H3
693,2008-07-09,,Columbus Circle,,NYCH3
694,2008-08-03,Chris & Petra,Harrison,,NASS
695,2008-08-04,,Borough Hall,,BH3
696,2008-08-06,Flabio,Houston Street,,NYCH3
697,2008-08-09,Ass Ranger,Roosevelt Island,,Outerborough H3
698,2008-08-11,,Prospect Park,,BH3
699,2008-08-20,Salt Lick,Downtown,Catholic School Girl,NYCH3
700,2008-08-25,Whoremaster,DeKalb,,BH3
701,2008-08-27,Mike Bahamonde,West Village,,NYCH3
702,2008-08-31,Fluffy,Coney Island,,NASS
703,2008-09-03,Crazy Ed,East Side,,NYCH3
704,2008-09-06,Flabio & Salt Lick,East Side,Red Dress,NYCH3
705,2008-09-08,Massengil & Mystery Hare,Lower Manhattan,Downtown Fiasco,Summit H3
706,2008-09-10,Just Hillary,Upper East Side,,NYCH3
707,2008-09-13,Moon,Reading,,PA Interhash
708,2008-09-17,,Midtown,,NYCH3
709,2008-09-19,,,AGM Pub Crawl,BH3
710,2008-09-21,,,AGM,BH3
711,2008-09-24,,Midtown,,NYCH3
712,2008-09-27,The Colonel,Manhattan,Pub Crawl,Rumson H3
713,2008-09-29,Blackout,Brooklyn Heights,,BH3
714,2008-10-04,Hi I'm Gay,Ansonia,,New Haven H3
715,2008-10-05,The Body,Williamsburg,,NYCH3
716,2008-10-06,F.M.I.G.,Park Slope,,BH3
717,2008-10-11,S.O.S.,Summit,,Summit H3
718,2008-10-12,Dan,Lower Manhattan,,NYCH3
719,2008-10-13,Sorry What & Riding Big Jake,Williamsburg,,BH3
720,2008-10-15,,Midtown,,NAWW
721,2008-10-17,Norma & Lauren,Downtown Manhattan,,GGFM
722,2008-10-19,Doggystyle,North Harlem,,NYCH3
723,2008-10-22,U.S.M.W.,Greenwich Village,,NAWW
724,2008-10-27,Hedgehog,Williamsburg,,BH3
725,2008-10-31,,Downtown Manhattan,Halloween,GGFM
726,2008-11-01,Hi I'm Gay & Krusty,Van Cortlandt Park,,New Haven H3
727,2008-11-02,Dr. Steve,Upper East Side,Marathon,NYCH3
728,2008-11-03,The Saint,Upper West Side,,BH3
729,2008-11-09,Splat,Greenwich Village,,NYCH3
730,2008-11-10,Screaming O & Just Mary,Brooklyn Heights,,BH3
731,2008-11-14,Norma & F.M.I.G.,Williamsburg,,GGFM
732,2008-11-16,Dana & Laurel,East Side,,NYCH3
733,2008-11-17,Splat,Downtown Brooklyn,,BH3
734,2008-11-23,,Union Square,,NYCH3
735,2008-12-01,Noah's Dinghy & U.S.M.W.,York Street,,BH3
0,2008-12-06,,,Snowball,SFH3
736,2008-12-10,Kendra,East Side,,NAWW
737,2008-12-12,F.M.I.G. & Booty Call,14th Street,,GGFM
738,2008-12-14,Heather,Lower East Side,,NYCH3
739,2008-12-20,Comes 2 Fast,New Haven,,New Haven H3
740,2008-12-21,Dr. Steve et al.,Red Hook,,NYCH3
741,2008-12-29,Riding Big Jake,Atlantic-Pacific,,BH3
0,2008-12-31,,,New Year's Hogwash,NYCH3
0,2009-01-03,,,1300th Pub Crawl,NYCH3
742,2009-01-04,Fast American Dave & Fire in the Piehole,Bryant Park,1300th,NYCH3
743,2009-01-05,Headlights,4th Avenue & 9th Street,,BH3
744,2009-01-07,Crouching Tiger,Chambers Street,,NAWW
745,2009-01-09,Fireman Tim,42nd Street,,GGFM
746,2009-01-11,Mickey Mouth,72nd Street & C.P.W.,,NYCH3
747,2009-01-14,Wet Connection & Noah's Dinghy,Union Square,,KH3
748,2009-01-16,Rear End Wrangler & Great Sex,Harrison NJ,,Bimbos of Jersey H3
749,2009-01-17,Finger-In & Doctor O,Newark,Interhash,Summit H3
750,2009-01-23,Crazy Bob,96th Street & C.P.W.,Flashlight Hash,GGFM
751,2009-01-24,Fluffy,Coney Island,Polar Bear,NYCH3
752,2009-01-31,Loogey,South Orange,,Summit H3
753,2009-02-01,Roy,Upper East Side,Super Bowl,NYCH3
754,2009-02-02,Nipsicle & Sandy Syphilis,Nostrand Avenue,,BH3
755,2009-02-04,Geoff,40th & Lexington,,NAWW
756,2009-02-06,Sari,60th & Lexington,,GGFM
757,2009-02-15,Sarah Down Under & Manslave,Hunter College,,NYCH3
758,2009-02-18,Alice,14th Street & 2nd Avenue,,NAWW
759,2009-02-22,Noah's Dinghy & U.S.M.W.,46th & 9th,,NYCH3
760,2009-02-25,Fire in the Piehole,Houston & Lafayette,,KH3
761,2009-02-28,Hi I'm Gay,New Haven,Hazmat Hash,New Haven H3
762,2009-03-01,Fire in the Piehole,Grand Army Plaza,,NYCH3
763,2009-03-02,Dogface & Leo,Bedford Avenue,,BH3
764,2009-03-04,Molly,Herald Square,,NAWW
765,2009-03-06,Splat,South Street Seaport,,GGFM
766,2009-03-08,Eager 4 Beaver,4th Street & 6th Avenue,,NYCH3
767,2009-03-09,F.M.I.G.,Queens,Brooklyn Does Queens,BH3
768,2009-03-11,Brittany & Hoboken Dave,Astor Place,,KH3
769,2009-03-14,Bottom,Mulberry Street,Toga Hash,NYCH3
770,2009-03-18,Jeremy,Madison Square,,NAWW
771,2009-03-22,Riding Big Jake & Leo,14th Street & 1st Avenue,,NYCH3
772,2009-03-29,Zach & Legal In Some States,Union Square,,NYCH3
773,2009-04-01,Gabe the Babe,14th Street & 7th Avenue,,NAWW
774,2009-04-05,Fire in the Piehole & Mean Jean,46th & Broadway,Scotland Hash,NYCH3
775,2009-04-13,Splat & Jim,Hunters Point,,BH3
776,2009-04-15,Kendra,Grand Central,,NAWW
777,2009-04-18,,,Stocks & Bondage,Boston H3
778,2009-04-19,,,Boston Marathon,Boston H3
779,2009-04-22,Fast American Dave,14th Street & 7th Avenue,,KH3
780,2009-04-26,Dave Long,96th & C.P.W.,,NYCH3
781,2009-04-27,Headlights,Atlantic & 4th,,BH3
782,2009-04-29,Splat & Brittany,West Broadway & 6th Avenue,,NAWW
0,2009-05-01,,,AGM Pub Crawl,NYCH3
783,2009-05-02,Eager 4 Beaver & Lauren,Madison Square Park,AGM,NYCH3
784,2009-05-04,Sorry What,Union Street,,BH3
785,2009-05-06,Lauren & Dan,West 4th Street,,NYCH3
786,2009-05-14,Rongjon,Palace of the Legion of Honor,,Gypsies H3
0,2009-05-15,,,Bay To Breakers,SFH3
0,2009-05-16,,,Bay To Breakers,SFH3
0,2009-05-17,,,Bay To Breakers,SFH3
787,2009-05-20,Matt & Dan,Chambers & Church,,NYCH3
788,2009-05-23,Hi I'm Gay,Sleeping Giant Park,,New Haven H3
789,2009-05-24,F.M.I.G.,Prospect Park,,BH3
790,2009-05-27,Eager 4 Beaver,West Broadway & 6th Avenue,,NYCH3
791,2009-05-31,Mickey Mouth,59th & Lexington,,NASS
792,2009-06-01,Nipsicle,Clinton & Washington,,BH3
793,2009-06-03,Raj & Rebecca,53rd & 3rd,,NYCH3
794,2009-06-08,F.M.I.G. & Noah's Dinghy,Prospect Park,,BH3
795,2009-06-10,Kerry & Kim,Varick & West Broadway,,NYCH3
796,2009-06-22,Wet Connection,Lorimer-Metropolitan,,BH3
797,2009-06-24,Steamer & Alice,Christopher Street-Sheridan Square,NAWW in Summer,NYCH3
798,2009-06-27,Elephant Dick,Long Branch,10 Bars 10 Miles,Rumson H3
799,2009-06-28,Dave Croft,Trenton NJ,,NASS
800,2009-06-29,Jeremy,York Street,Tour de Brooklyn,BH3
801,2009-07-01,Splat & Lisa,Madison Square Park,,NYCH3
802,2009-07-06,Technically Foul & Cuntcake,Sunset Park,Tour de Brooklyn,BH3
803,2009-07-08,Wet Connection,Columbus Circle,,NYCH3
804,2009-07-10,Trips and Balls & Rich,72nd Street,,GGFM
805,2009-07-13,F.M.I.G. & Headlights,86th Street & 4th Avenue,Tour de Brooklyn,BH3
806,2009-07-15,Dan & Leo,Chambers Street,,NYCH3
807,2009-07-20,Trader Blows & Mel,Avenue U,Tour de Brooklyn,BH3
808,2009-07-22,Fire in the Piehole,59th & 6th,,NYCH3
809,2009-07-27,Dogface & Headlights,Sheepshead Bay,Tour de Brooklyn,BH3
810,2009-07-29,Sean,City Hall,,NYCH3
811,2009-07-31,Runner Gril & Wicked Witch,Elberon,,Bimbos of Jersey H3
812,2009-08-03,Fluffy,Cortelyou Avenue,Tour de Brooklyn,BH3
813,2009-08-05,Brittany & Dan,Madison Square,,NYCH3
814,2009-08-07,Anna & Steve,Columbus Circle,,GGFM
815,2009-08-09,Dave Long & Sue,Red Bank NJ,,NASS
816,2009-08-10,F.M.I.G.,Flatbush Avenue,Tour de Brooklyn,BH3
817,2009-08-12,Flabio,Rivington & Bowery,H.A.L.T.,NYCH3
818,2009-08-15,Ass Ranger,The Patriot,,Outerborogh H3
0,2009-08-16,,,Manhattan Half Marathon Pub Crawl,NYCH3
819,2009-08-17,Sorry What? & Noah's Dinghy,Franklin Avenue,Tour de Brooklyn,BH3
820,2009-08-19,Dogface & Dana,Central Park,25th Anniversary,NYCH3
821,2009-08-22,Dr. Gonad & Hi I'm Gay,New Haven,Brewery Hash,New Haven H3
822,2009-08-24,Sandy Syphilis & Jess,Lorimer & Metropolitan,Tour de Brooklyn,BH3
0,2009-08-29,,Reno,,Iguanas H3
0,2009-09-02,,Fort Collins,Pub Crawl,Interam
0,2009-09-05,,Winter Park,,Interam
823,2009-09-09,Trips and Balls & F.M.I.G.,,NYC versus Brooklyn,NYCH3
824,2009-09-11,Norma,125th & Broadway,,GGFM
825,2009-09-13,Anal & Loogey,Millburn NJ,,NASS
826,2009-09-14,Massengil,Pine & William,Downtown Fiasco,Summit H3
827,2009-09-16,Eager 4 Beaver,57th & 5th,Hudson Dusters,NYCH3
828,2009-09-19,The Red Dress Committee,Fontana's,Red Dress,NYCH3
829,2009-09-23,Gabe the Babe,Racoon Lodge,,NYCH3
830,2009-09-26,Splat,Staten Island Ferry,,Outerborough H3
831,2009-09-28,Tony & Headlights,Morgan Avenue,,BH3
832,2009-09-30,Amalea & Splat,Rockefeller Center,,NYCH3
833,2009-10-02,U.S.M.W. & Tit Totaller,60th & Lexington,,GGFM
834,2009-10-03,Sorry What? & U.S.M.W.,Greenpoint,AGM Pubcrawl,BH3
835,2009-10-04,The Saint & Headlights,Bay Ridge,AGM,BH3
836,2009-10-07,Brittany & Dave,14th Street & 8th Avenue,,NYCH3
837,2009-10-12,Sorry What?,Clark Street,Oktoberfest,BH3
838,2009-10-14,Splat & Ewa,Houston & Varick,,NAWW
839,2009-10-18,Tit Totaller,106th & C.P.W.,,NYCH3
840,2009-10-19,Jeff,Sterling Street,,BH3
841,2009-10-25,Peter & Doggie Erectus,96th & Lexington,,NYCH3
842,2009-10-28,Li'l Dirty & Kurt,14th Street & 8th Avenue,,NAWW
843,2009-10-31,The Committee,,Halloween Hash,GGFM
844,2009-11-01,Dr. Steve,98th & 5th,Marathon,NYCH3
845,2009-11-04,Dana & Katie,18th & Irving,,KH3
846,2009-11-06,Mickey Mouth & David,Madison Square,,GGFM
847,2009-11-08,Dogface & Splat,Inwood,,NYCH3
848,2009-11-09,Screaming O & Captain White,Lafayette Avenue,,BH3
849,2009-11-11,I Feel Tower & Liz,72nd & C.P.W.,,NAWW
850,2009-11-15,Li'l Dirty & Raj,Union Square,,NYCH3
851,2009-11-16,Leo & Leo,9th Street & 4th Avenue,,BH3
852,2009-11-18,Mickey Mouth,53rd & 3rd,,KH3
853,2009-11-23,Dental Damned,25th Street & 4th Avenue,,BH3
854,2009-11-25,Fluffy,Chambers & Church,,NAWW
855,2009-12-04,Just Liz,18th Street & Irving,,GGFM
856,2009-12-09,B.J. & Finger Me First,Bowling Green,,NAWW
0,2009-12-12,,,Snowball,SFH3
857,2009-12-13,Splat & L.C.B.,Lake Merritt,,EBH3
858,2009-12-16,Rich & Liz,62nd & 5th,,KH3
859,2009-12-20,The Harriettes,Lincoln Center,,NYCH3
860,2009-12-21,Smashmouth,205th & Norwood,White Trash,BH3
861,2009-12-28,Mel & Goes All the Way,Nevis & Flatbush,,BH3
862,2009-12-30,Wet Willy & Jonathan,Racoon Lodge,,KH3
863,2010-01-01,Brittany & Norma,Clem's,,GGFM
864,2010-01-03,Holly & Splat,Delancey & Essex,,NYCH3
865,2010-01-06,Doggie Erectus & Eric,The Patriot,NAWW #200,NAWW
866,2010-01-10,Mickey Mouth,Tiffany's,,NYCH3
867,2010-01-15,Crazy Bob & Scooter,60th & Lexington,Flashlight Hash,GGFM
868,2010-01-18,Dogface & Peepshow,Nassau Avenue,,BH3
869,2010-01-20,Hoboken Dave & Liz,Carmine & 6th Avenue,,NAWW
870,2010-01-23,Queeff & 3 Balls,Newtown PA,,Philly H3
871,2010-01-24,Chrotchless Panties & Lisa,Bleecker & 6th Avenue,,NYCH3
872,2010-01-27,Junky Monkey,Houston & Mott,,KH3
873,2010-01-29,Ow My Balls & Chris,63rd & 1st,,GGFM
874,2010-01-31,Joe Pennsylvania,89th & 3rd,,NYCH3
875,2010-02-01,Tim & Mike,Henry Street Ale House,,BH3
876,2010-02-03,Alice,40th & Lexington,,NAWW
877,2010-02-07,Fast American Dave,Bryant Park,Super Bowl,NYCH3
878,2010-02-08,Sorry What? & Nads on Film,Marcy Avenue,,BH3
879,2010-02-10,Noah's Dinghy,Mercer & Waverly,,KH3
880,2010-02-14,Splat & Wendy,55th & 6th,Valentine's Day Hash,NYCH3
881,2010-02-15,F.M.I.G. & Headlights,15th & Prospect Park West,Brooklyn #500,BH3
882,2010-02-17,Marios & Splat,Battery Park,,NAWW
883,2010-02-21,Technically Foul & Death Breast,Delancey & Essex,,NYCH3
884,2010-02-26,Finger Me First,101st & Broadway,,GGFM
885,2010-02-27,Dr. Gonad,Anchor Bar,Hazmat,New Haven H3
886,2010-02-28,Fluffy,Coney Island,Polar Bear,NYCH3
887,2010-03-01,Splat,Carroll Street,,BH3
888,2010-03-03,Courtney & Molly,33rd & 7th,,NAWW
889,2010-03-14,Hardy & Fergal,Saint Patrick's Cathedral,,NYCH3
890,2010-03-15,Ding! & Sandy Syphilis,Grand Army Plaza,,BH3
891,2010-03-17,Doggie Erectus,City Hall,,NAWW
892,2010-03-19,Runner Girl,Holmdel,,BJH3
893,2010-03-20,G.I. & DogE Style,Wachtung,,Rumson/Summit
894,2010-03-21,Fast American Dave,West Village,NYC Half Pub Crawl,NYCH3
895,2010-03-24,F.M.I.G. & Trips and Balls,14th Street & Avenue A,,KH3
896,2010-03-26,Dan Bartos,Broadway-Lafayette,,GGFM
897,2010-03-28,Fireman Tim,14th Street & 7th Avenue,,NYCH3
898,2010-03-29,Splat & Crotchless Panties,Broadway & Boerum,,BH3
899,2010-03-31,Bahamonde,14th Street & 3rd Avenue,,NAWW
900,2010-04-04,Norma,9th Street & Avenue A,,NYCH3
901,2010-04-05,Canine Fixation,Bergen Street,,BH3
902,2010-04-11,Fire in the Piehole,,Scotland Hash,NYCH3
903,2010-04-14,Chris & Hoboken Dave,62nd & 3rd,,NAWW
904,2010-04-18,Bulldozer & Hashole,Penn Station,,NYCH3
905,2010-04-23,Congenital Defect & Pussy in Boots,Barrow & Hudson,,GGFM
906,2010-04-25,Crotchless Panties,Columbus Circle,,NYCH3
907,2010-04-28,Devo,Bowling Green,,NAWW
908,2010-04-30,Splat,Milano's Pub,AGM Pub Crawl,NYCH3
909,2010-05-01,The Committee,Blackstone's,AGM,NYCH3
910,2010-05-03,Dan & Paul,Smith & 9th,,BH3
911,2010-05-05,Fire in the Piehole & Tit Totaller,94th & Broadway,,NYCH3
912,2010-05-10,Smashmouth,Jefferson Street,,BH3
913,2010-05-12,Joe Pennsylvania & Hot Rod,89th & 3rd,,NYCH3
914,2010-05-17,Li'l Dirty,Prospect Park South,,BH3
915,2010-05-19,Trips and Balls,28th Street & 2nd Avenue,,NYCH3
916,2010-05-21,Cumby,Seaside Park,Comotion by the Ocean,Rumson
917,2010-05-22,Cumby,Seaside Park,Comotion by the Ocean,Rumson
918,2010-05-24,I Feel Tower & Crotch Thumper,Stirling,,Summit
919,2010-05-26,Technically Foul & Death Breast,Union Square,,NYCH3
920,2010-05-28,Ow My Balls,14th Street & 2nd Avenue,,GGFM
921,2010-05-31,Headlights,Prospect Park,,BH3
922,2010-06-02,Wet Connection & Mean Jean,42nd & 9th,,NYCH3
923,2010-06-05,Splat,Van Cortlandt Park,5 Borough Pub Crawl,TSH3
924,2010-06-06,Splat,Van Cortlandt Park,,NASS
925,2010-06-14,Noah's Dinghy,Newkirk Avenue,Tour de Brooklyn 1,BH3
926,2010-06-23,Kathy & Spermatologist,Midtown,,NYCH3
927,2010-06-25,Patrick & Doggie Erectus,Downtown,,GGFM
928,2010-06-26,,Long Branch,10 Bars 10 Miles,Rumson
929,2010-06-28,Seoul Brother,,Passaic River Classic,Summit
930,2010-06-30,Splat,Lispenard & West Broadway,,NYCH3
931,2010-07-08,Tongueless & Mr. BoneJangles & I.R. Stupid,Golden Gate Park,Gypsies #900,Gypsies
0,2010-07-09,,,Only the Strong Survive,Gypsies
932,2010-07-10,Danglin' Anglin & Drill Me,Petaluma,Gypsies #900,Gypsies
933,2010-07-11,Tongueless,Presidio,Gypsies #900,Gypsies
934,2010-07-15,No Shit,Holly Park,,Gypsies
935,2010-07-19,Headlights,Kings Highway,Tour de Brooklyn 6,BH3
936,2010-07-21,Eager 4 Beaver,Sheridan Square,,NYCH3
937,2010-07-23,Hoboken Dave,53rd & 3rd,,GGFM
938,2010-07-25,Splat & Dana H.,Vernon-Jackson,,NASS
939,2010-07-28,Dave Long,72nd & Broadway,,NYCH3
940,2010-08-01,Chris & Petra,Harrison,,NASS
941,2010-08-04,Finger Fucked & Ow My Balls,23rd & 8th,,NYCH3
942,2010-08-08,Splat,Tompkins Square,Norma & Kyle's Wedding Hash,Special
943,2010-08-11,Casey & Bartos,59th & 5th,,NYCH3
944,2010-08-14,The Colonel,Red Bank,,Rumson
945,2010-08-16,Screaming O & Death Breast,Lorimer-Metropolitan,Tour de Brooklyn 10,BH3
946,2010-08-18,Alice & Splat,Columbus Circle,NAWW in Summer,NYCH3
947,2010-08-23,Doggie Erectus,Borough Hall,Tour de Brooklyn 11,BH3
948,2010-08-25,Steve & Jimmy,Houston & Lafayette,H.A.L.T.,NYCH3
949,2010-08-30,The Committee,High Street,Tour de Brooklyn 12,BH3
950,2010-09-01,Salt Lick,20th Street & Broadway,Catholic School,NYCH3
951,2010-09-06,Technically Foul & Death Breast,Carroll Street,,BH3
952,2010-09-08,Jumpin' Jack Gash,59th & 6th,,NYCH3
953,2010-09-12,Dan Bartos,Hoboken,,NASS
954,2010-09-18,Screaming Nemo,Parc de Sceaux,,Paris H3
955,2010-09-22,Devo,110th & Broadway,,NYCH3
956,2010-09-24,The Red Dress Committee,10th Street & Avenue C,Red Dress,GGFM
957,2010-09-25,The Red Dress Committee,Fontana's,Red Dress,NYCH3
958,2010-09-27,Just Josh,Pacific & 4th Avenue,,BH3
959,2010-09-29,Sean & Linda,Madison Square,,NYCH3
960,2010-10-06,Splat & I Like Head,City Hall,,NAWW
961,2010-10-10,Cockstar,110th & C.P.W.,,NYCH3
962,2010-10-11,Pussy In Boots & NY Cock Exchange,Central Avenue,,BH3
963,2010-10-13,THe Committee,Madison Square Garden,,KH3
964,2010-10-17,I Like Head & Li'l Dirty,Inwood,,NYCH3
965,2010-10-18,Whoremaster,4th Avenue & 9th Street,,BH3
966,2010-10-20,Just Josh,Bowling Green,,NAWW
967,2010-10-22,Just Matt & Ow My Balls,14th Street & 1st Avenue,,GGFM
968,2010-10-24,Headlights & Speedo Gonzales,60th & Lexington,,NYCH3
969,2010-10-29,Bee Fart,Amityville,,Long Island H3
970,2010-10-31,The GGFM Committee,Edge Bar,Halloween,NYCH3
971,2010-11-03,Nicole & Dave,Metropolitan Museum,,NAWW
972,2010-11-05,Smashmouth,Houston & Varick,,Dogs Bollocks
973,2010-11-06,Splat,Gleeson's Sports Bar,5-Borough,TSH3
974,2010-11-07,Titotaller,96th & 5th,Marathon,NYCH3
975,2010-11-08,F.M.I.G.,City Hall,,BH3
976,2010-11-13,The Colonel,,Manhattan Pub Crawl,Rumson
977,2010-11-14,U.S.M.W.,Carmine & 6th Avenue,,NYCH3
978,2010-11-17,Just Lynn & Splat,East Broadway,,NAWW
979,2010-11-19,,Toronto,Hogtown Anniversary Weekend,Hogtown H3
980,2010-11-22,Trader Blows,4th Avenue & Union,,BH3
981,2010-11-24,Fluffy & Headlights,Church & Chambers,,KH3
982,2010-11-28,Splat & Just Karen,Roosevelt Island,,NYCH3
983,2010-11-29,Two Buck Fuck,4th Avenue & 9th Street,,BH3
984,2010-12-01,Chris Steinkrauss & Hoboken Dave,Union Square,,NAWW
985,2010-12-05,Dr. Steve,1st & Houston,Hanukkah,NYCH3
986,2010-12-06,Doggie Erectus & Cheeky Bastard,Flushing & Broadway,,BH3
987,2010-12-19,Devo,168th Street,,NYCH3
988,2010-12-20,Smashmouth,Flushing Main Street,White Trash,BH3
989,2010-12-26,Dogface,46th & Queens Boulevard,,NYCH3
990,2010-12-27,Barnacle & Cheeky Bastard,Borough Hall,,BH3
991,2010-12-29,Splat & F.M.I.G.,59th Street & 5th Avenue,,NAWW
992,2011-01-09,Mickey Mouth,136th & Saint Nicholas,,NYCH3
993,2011-01-12,Punk Ass Bitch & Just Nicole,John & Nassau,,NAWW
994,2011-01-16,Porno Putz & Technically Foul,Houston & Forsythe,,NYCH3
995,2011-01-19,Pimpy Longstocking,Washington Square,,KH3
996,2011-02-02,The Committee,Union Square,Groundhog Day,KH3
997,2011-02-06,Fast American Dave,Astor Place,,NYCH3
998,2011-02-07,Cheeky Bastard,18th Avenue,,BH3
999,2011-02-10,Pied Piper & Lois Lame,Fort Funston,,Gypsies
1000,2011-02-13,Splat & Just Wendy,Herald Square,,NYCH3
1001,2011-02-16,Pimpy Longstocking & Lexi's Bitch,NY Public Library,,KH3
1002,2011-02-18,Pussy In Boots & Nads On Film,Lorimer-Metropolitan,,GGFM
1003,2011-02-26,Fireman Bob,Yonkers,Ian's 80th,NY/CT H3
1004,2011-02-27,Trader Blows,Madison Square,,NYCH3
1005,2011-02-28,Barnacle & Pimpy Longstocking,Franklin & Eastern Parkway,,BH3
1006,2011-03-02,Headlights & Technically Foul,Herald Square,,KH3
1007,2011-03-05,H.I.G,,Hazmat,New Haven H3
1008,2011-03-09,Splat,14th Street & 6th Avenue,,NAWW
1009,2011-03-13,Finger Me First,59th & Lexington,,NYCH3
1010,2011-03-14,Headlights & Canine Fixation,15th & Prospect Park,,BH3
1011,2011-03-16,Mickey Mouth & Wet Connection,47th Street & 8th Avenue,,KH3
1012,2011-03-19,Crotch Thumper,Buster's,,Lexington HAH3
1013,2011-03-21,Technically Foul,Clinton & Remsen,,BH3
1014,2011-04-06,F.M.I.G.,14th Street & 8th Avenue,,NAWW
1015,2011-04-15,Joe Pennsylvania,96th & Lexington,,GGFM
1016,2011-04-17,Copa Cum Bloody,79th & Columbus,,NYCH3
1017,2011-04-18,Ding! & Canine Fixation,Lorimer & Metropolitan,,BH3
1018,2011-04-20,Splat,60th & Lexington,AGM,NAWW
1019,2011-04-23,I Am Cumstain,Alma Mater,,CUnTH3
1020,2011-04-24,Trips and Balls & U.S.M.W.,Elizabeth & Houston,,NYCH3
0,2011-04-29,,,AGM Pub Crawl,NYCH3
1021,2011-04-30,Doggie Erectus & Rack 'n Roll 'er,The Parlour,AGM,NYCH3
1022,2011-05-11,Eager 4 Beaver & Trips and Balls,23rd & Broadway,Hudson Duster Hash,NYCH3
1023,2011-05-18,Doggie Erectus,13th Street & 2nd Avenue,,NYCH3
1024,2011-05-20,Cums With The Turf,Seaside Park,Comotion By The Ocean,Rumson
1025,2011-05-30,Barnacle,Prospect Park,,BH3
1026,2011-06-15,Splat,3rd Street & 6th Avenue,,NYCH3
1027,2011-06-29,NY Cock Exchange & Pussy In Boots,3rd Street & 2nd Avenue,,NYCH3
1028,2011-07-02,,Cloverdale,NorCal Campout,NorCal
1029,2011-07-15,Speedo Gonzales & Nads On Film,The Brazen Head,,GGFM
1030,2011-07-20,Li'l Dirty & Just Damian,South Street Seaport,,NYCH3
1031,2011-07-25,Crotchless Panties & Just Mike,Henry Street,,BH3
1032,2011-07-27,Splat,110th & CPW,NAWW in Summer,NYCH3
1033,2011-08-01,Dental Damned & Barnacle,Willoughby & Bridge,,BH3
1034,2011-08-03,Devo & Just Karen,13th Street & Avenue A,,NYCH3
1035,2011-08-07,Splat & Just Jen,Buhre Avenue,,NASS
1036,2011-08-22,Noah's Dinghy,14th Street & 7th Avenue,Tour de Boroughs,BH3
1037,2011-09-05,Noah's Dinghy,Staten Island,Tour de Boroughs,BH3
1038,2011-09-12,Maliboo Masengil & Tubslut,Downtown Manhattan,Downtown Fiasco,Summit H3
1039,2011-09-24,Smashmouth,Madison CT,,NASS/New Haven H3
1040,2011-09-26,Whoremaster,Pacific & 4th Avenue,,BH3
1041,2011-09-28,Bulldozer & Just Craig,NY Public Library,,NYCH3
1042,2011-10-02,Splat & Bushy,Astor Place,,NYCH3
1043,2011-10-05,NY Slammer & Skidmark,40th Street & 3rd Avenue,,NAWW
1044,2011-10-08,,Savannah,S.O.B.,Interam
1045,2011-10-09,,Savannah,Zippy,Interam
1046,2011-10-14,Speedo Gonzales & Just Evan,39th & Park,,GGFM
1047,2011-10-16,Lazer Labia & Teachers Pet,Riverside Park,,NYCH3
1048,2011-10-19,Devo,Times Square,,NAWW
1049,2011-10-31,,Edge Bar,Halloween Hash,BH3/GGFM
1050,2011-11-02,Splat,Milano's Bar,,NAWW
1051,2011-11-06,,96th Street,Marathon,NYCH3
1052,2011-11-07,Ding! & Just James,Delancey & Essex,,BH3
1053,2011-11-12,The Colonel,Hotel Penn,Manhattan Pub Crawl,Rumson
1054,2011-11-16,NY Cock Exchange & Conelingus,Racoon Lodge,,NAWW
1055,2011-11-21,Just Kyle,DeKalb Market,,BH3
1056,2011-11-30,Salt Lick & Bam Bam,23rd Street & 3rd Avenue,,NAWW
1057,2011-12-04,The Harriettes,No Idea Bar,Santa Sluts,NYCH3
1058,2011-12-09,Speedo Gonzales,Whitehorse Tavern,,GGFM
1059,2011-12-11,Doggie Erectus & Just Zara,Fort Tryon,,NYCH3
1060,2011-12-14,Splat & Just Jen,Rockefeller Center,,NAWW
1061,2012-01-01,NY Cock Exchange & Pussy In Boots,Grand Street,,NYCH3
1062,2012-01-07,Speedo Gonzales,13th Street & Avenue A,,GGFM
1063,2012-01-08,Mickey Mouth,40 West 40th Street,Riddle Hash,NYCH3
1064,2012-01-11,Splat & B.U.T.R.,Bleecker & 7th Avenue,,NAWW
1065,2012-01-15,Noah's Dinghy & Technically Foul,Coney Island,Polar Bear,BH3
1066,2012-01-20,Crazy Bob & Tall Dark and Hammered,AMNH,Flashlight,GGFM
1067,2012-01-25,Finger Me First & Gretel,20th & Broadway,,NAWW
1068,2012-01-28,Lazer Labia & Just Mary,Alma Mater,,CUnTH3
1069,2012-02-01,Devo & Just Karen,Columbus Circle,,KH3
1070,2012-02-05,,No Idea Bar,Superbowl,NYCH3
1071,2012-02-08,Flabio & Just Steve,45th Street & 3rd Avenue,,NAWW
1072,2012-02-19,Doggie Erectus & Just Mio,60th & Lexington,,NYCH3
1073,2012-02-22,Skidmark & Just Rafa,14th Street & 6th Avenue,,NAWW
1074,2012-02-25,Dr. Gonad,,Hazmat,New Haven H3
1075,2012-02-29,Speedo Gonzales,Murray Street,,KH3
1076,2012-03-04,Finger Fucked & Ow My Balls,,,NYCH3
1077,2012-03-07,Li'l Dirty,51st Street & 2nd Avenue,,NAWW
1078,2012-03-09,BJ & The Bareback,Eldridge Street Synagogue,,GGFM
1079,2012-03-11,Eager 4 Beaver,3rd Street & Avenue A,,NYCH3
1080,2012-03-12,Splat & Bushy,Grand Army Plaza,,BH3
1081,2012-03-14,Cheeky Bastard,,Toga Hash,KH3
1082,2012-03-18,Hardman,Saint Patrick's Cathedral,,NYCH3
1083,2012-03-21,Smashmouth,Fulton & William,,NAWW
1084,2012-03-25,Doggie Erectus & Just Rafa,Coogan's,,NYCH3
1085,2012-03-28,Splat,14th Street & Irving,,KH3
1086,2012-04-01,Irish Spring & Jenitals,Columbus Circle,,NYCH3
1087,2012-04-04,Bedmaster & Ginger Nail Me,25th Street & 3rd Avenue,,NAWW
1088,2012-04-18,Free His Willy & Copa Cum Bloody,14th Street & 7th Avenue,,NAWW
1089,2012-04-25,Noah's Dinghy,Saint Mark's Place,,KH3
1090,2012-04-30,NY Cock Exchange,Fulton & Lafayette,,BH3
1091,2012-05-02,Splat & Gabe the Babe,60th & Lexington,AGM,NAWW
1092,2012-05-05,The Committee,The Parlour,AGM,NYCH3
1093,2012-05-19,Cums With The Turf,Forked River,Comotion By The Ocean,Rumson
1094,2012-05-23,Irish Spring & Solar Eclits,23rd Street & 8th Avenue,,NYCH3
1095,2012-05-31,Mr. BoneJangles & Goes Down Easy,25th Avenue & MLK,#1000,Gypsies
1096,2012-06-01,Mr. BoneJangles & Splat,House of Shields,Only the Strong Survive Pub Crawl,Gypsies
1097,2012-06-02,Danglin' Anglin & Drill Me,Petaluma,1000th Weekend,Gypsies
1098,2012-06-03,Tongueless & Fits In,Novato,1000th Weekend,Gypsies
1099,2012-06-20,Bedmaster,43rd Street & Queens Boulevard,Sunnyside,NYCH3
1100,2012-06-23,,Long Branch,10 Bar 10 Mile,Rumson
1101,2012-06-27,Li'l Dirty & C.P.A.,40th & Lexington,,NYCH3
1102,2012-07-14,,Aquatic Park,Red Dress,SFH3
1103,2012-07-19,Who's Your Daddy?,5th Avenue & MLK,,Gypsies
1104,2012-08-01,C.P.A.,Saint Mark's Place,,NYCH3
1105,2012-08-08,Splat,3rd Street & 6th Avenue,NAWW in Summer,NYCH3
1106,2012-08-22,Flabio & Just Steve,23rd Street & 2nd Avenue,HALT,NYCH3
1107,2012-08-31,Doggie Erectus & Just Jen,13th Street & 2nd Avenue,,GGFM
1108,2012-09-05,Bedmaster & Ginger Nail Me,116th & Lexington,,NYCH3
1109,2012-09-08,Elephant Dick,Sandy Hook,,Summit H3
1110,2012-09-10,Masengil & Secaucless,,Downtown Fiasco,Summit H3
1111,2012-09-15,W.A.C.,170th & Broadway,,CUnTH3
0,2012-09-21,The Red Dress Committee,,Red Dress Pub Crawl,NYCH3
1112,2012-09-22,The Red Dress Committee,,Red Dress,NYCH3
1113,2012-10-24,Splat,West Broadway & Lispenard,,NAWW
1114,2012-10-26,The Committee,72nd & Broadway,RGM,GGFM
1115,2012-10-31,Splat & Bushy,185th & Pinehurst,Hudson Heights Hash House Harriers Halloween Hurricane Hangover,H8
1116,2012-11-17,The Colonel,,Manhattan Pub Crawl,Rumson
1117,2012-11-21,Fluffy & Gabe the Babe,Chambers & Church,,NAWW
1118,2012-11-30,Canine Fixation,3rd Street & 6th Avenue,,GGFM
1119,2012-12-12,Flicker,,Global Harriettes,Pittsburgh H3
1120,2012-12-19,Puss,83rd & Columbus,,NAWW
1121,2012-12-22,Andy & Beth,Weston CT,,NY/CT H3
1122,2012-12-30,Spank The Plank & Doggie Erectus,207th Street,,NYCH3
1123,2013-01-06,G-Dick,145 & Saint Nicholas,,NYCH3
1124,2013-01-09,W.A.C.,5th Street & Avenue B,Runs With Seamen's Bon Voyage,KH3
1125,2013-01-16,She Likes It In The Benjamin,23rd Street & 2nd Avenue,,NAWW
1126,2013-01-30,Cheeky Bastard,Milano's on Houston,,NAWW
1127,2013-02-10,Irish Spring,Columbus Circle,,NYCH3
1128,2013-02-12,Eager 4 Beaver,Dive 75,,Bad Apple
1129,2013-02-13,She Likes It In The Benjamin,Museum of Sex,,NAWW
1130,2013-02-23,Hi I'm Gay,,Hazmat,New Haven H3
1131,2013-02-24,BJ and The Bareback,,Purim Hash,NYCH3
1132,2013-02-27,Copa Cum Bloody & Free His Willy,Madison Square,,NAWW
1133,2013-03-09,Splat,Washington Square,NYU Takes Over Columbia,CUnTH3
1134,2013-03-13,Wait I Can Explain,NY Public Library,,NAWW
1135,2013-03-17,Irish Spring,Saint Patrick's Cathedral,,NYCH3
1136,2013-03-27,Professor Steve,,,Pudong Full Moon H3
1137,2013-03-31,W.A.C.,116th & University,,NYCH3
1138,2013-04-10,Turd Dimension,Coliseum Bar,,NAWW
1139,2013-04-21,C.P.A. & Ginger Nail Me,169 Bar,,NYCH3
1140,2013-04-22,Cheeky Bastard,Cherry Tree,#666,BH3
1141,2013-04-24,Splat,Whitehorse Tavern,AGM,NAWW
1142,2013-04-26,Sir Shaves A Lot,96th & Amsterdam,,GGFM
1143,2013-04-27,Lazer Labia & Forgy,Cold Spring Harbor,,LIL
1144,2013-05-01,W.A.C.,Tobacco Road,AGM,KH3
1145,2013-05-15,The JMs,East Broadway,,NYCH3
1146,2013-06-09,Stick It In My Socket,Union Square,,Baltimore-Annapolis H3
1147,2013-06-21,Sticky Fingers,South Street Seaport,,GGFM
1148,2013-07-18,Splat & Mr. BoneJangles,Front & Union,,Gypsies
1149,2013-07-31,Ow My Balls & Finger Fucked,No Idea Bar,,NYCH3
1150,2013-08-13,Fast American Dave,14th Street & 7th Avenue,,Bad Apple
1151,2013-08-14,Splat,3rd Street & 6th Avenue,NAWW in Summer,NYCH3
1152,2013-08-21,Flabio & Just Steve,St. Mark's Place,HALT,NYCH3
1153,2013-09-06,Bedmaster,Woodside & 60th Street,,QBKH3
1154,2013-09-08,Rubs 'er Raw,New Dorp,,NASS
1155,2013-09-10,Dave Hardy,Emerald Inn,,Bad Apple
1156,2013-09-11,Doggie Erectus & Solar Eclits,14th & 7th,,NYCH3
1157,2013-09-14,W.A.C.,177th & Broadway,,CUnTH3
1158,2013-10-09,Speedo Gonzales & Spits Then Swallows,169 Bar,,NAWW
1159,2013-10-23,Type A Hole,Rattle N Hum,World Peace Through Beer,NAWW
0,2013-11-02,The Colonel,,Manhattan Pub Crawl,Rumson
1160,2013-11-03,,96th Street,Marathon,NYCH3
1161,2013-11-06,Skidmark,Bridge Street,,NAWW
1162,2013-11-15,Bollywoodless,79th & Broadway,,GGFM
1163,2013-12-01,Bollywoodless & Gagem Style,60th & 2nd,,NYCH3
1164,2013-12-04,Splat,St. Mark's & 3rd Avenue,,NAWW
1165,2013-12-09,,Mission Dolores Park,,SFH3
1166,2013-12-12,Fisty,Silver Avenue,,Gypsies
0,2013-12-13,,,Snowball,SFH3
1167,2013-12-29,Just Katie,23rd Street,Ugly Sweater,NYCH3
1168,2013-12-30,Smashmouth,Myrtle & Wyckoff,White Trash,BH3
1169,2014-01-01,Splat,168th & Broadway,New Year's Day Hangover Clusterfuck,NAWW/GGFM
1170,2014-01-08,Sporadically Cums & Mouthful of Gu,One Star Bar,#69,KH3
1171,2014-01-11,Splat & Skidmark,Washington Square,NYU Takes Over Columbia,CUnTH3
1172,2014-01-15,Splat & Stinky Fingers,Barrow Street Ale House,The S.H.I.T.T.Y. Trail,NAWW
1173,2014-01-26,Tickets,McSwiggan's,,NYCH3
1174,2014-01-29,Cheeky Bastard,42nd & 9th,,NAWW
1175,2014-01-31,Li'l Dirty & Tall Dark and Hammered & Crazy Bob,96th & CPW,Flashlight Hash,GGFM
1176,2014-02-06,Mouthful of Gu & Just Cindy,Fetch,,KH3
1177,2014-02-09,Li'l Dirty & Doggie Erectus,District 12,,NYCH3
1178,2014-02-12,Alice & Steamer,40th & Lexington,,NAWW
1179,2014-02-26,Conelingus,44th Street & 2nd Avenue,,NAWW
1180,2014-03-12,Stinky Fingers & Mastercard,The Patriot,Toga Hash,NAWW
1181,2014-03-16,Irish Spring & Solar Eclits,Old Saint Patrick's,Irish Hash,NYCH3
1182,2014-03-26,I Can Explain,14th Street & 7th Avenue,,NAWW
1183,2014-03-31,Splat,Henry Street Ale House,,BH3
1184,2014-04-09,Bollywoodless & Chokes on Dick & Just Michelle,Front Street & Peck Slip,Thunder Down Under,NAWW
1185,2014-04-13,Tigger,Houston & Avenue A,Burners Meet the Hashers,NYCH3
1186,2014-04-27,Splat & Doggie Erectus,169th & Broadway,,NYCH3
1187,2014-04-30,Splat,Formerly Crow's,AGM Pub Crawl,NYCH3
1188,2014-05-03,Fast American Dave,14th Street & 7th Avenue,AGM,NYCH3
1189,2014-05-14,Cum Test Dummy & Gag 'Em Style,81st & Amsterdam,,NYCH3
1190,2014-05-16,Crotchless Panties,North 7th & Bedford,,GGFM
1191,2014-05-24,Crazy Bob & Dogface,Broadway LIRR,,NASS
0,2014-06-08,Lazer Labia & F'Orgy,Ossining,Hash Olympics,CUnTH3
1192,2014-07-02,Foreign My Twat & Just Kim,79th & Amsterdam,,NYCH3
1193,2014-07-09,BJ and The Bareback & Just Margo,Rodeo Bar,,NYCH3
1194,2014-07-24,Chokes on Dick & Ginger Nail Me,14th Street & 2nd Avenue,,NYCH3
1195,2014-08-08,Dildo Bag-Gone,Bunga's Den,,GGFM
1196,2014-08-13,Stinky Fingers & Conelingus,Big Gay Ice Cream,NAWW in Summer,NYCH3
1197,2014-08-18,W.A.C. & House of Ooze,58th Street & 4th Avenue,,BH3
0,2014-08-22,,Calle Tepa,Happy Hour,Jhavelina H3
1198,2014-08-27,The Committee,44th Street & 11th Avenue,NYCH3 1600th,NYCH3
1199,2014-09-06,Bushy & Conelingus,Great Neck,Great Gatsby Hash,LIL
1200,2014-09-11,Che Gayvara,Diamond Heights Boulevard & Duncan Street,,Gypsies
1201,2014-09-19,The Committee,33rd & 9th,RDR Prelube,GGFM
1202,2014-09-20,The Red Dress Committee,50th & 10th,Red Dress,NYCH3
1203,2014-10-05,Chokes on Dick,60th & Lexington,,NYCH3
1204,2014-10-08,Conelingus,41st Street & 5th Avenue,,NAWW
1205,2014-10-11,Type A Hole,181st & Cabrini,Columbia 5th Anniversary,CUnTH3
1206,2014-10-22,Stinky Fingers,Jeremy's Ale House,,NAWW
1207,2014-11-05,Li'l Dirty & Just Ara,Liberty & Nassau,,NAWW
1208,2014-11-08,House of Ooze & Solar Eclits,Freddy's Bar,Ooze's 40th Birthday,CUnTH3
1209,2014-11-09,Foreign My Twat,88th & 3rd,FMT's Birthday,NYCH3
1210,2014-11-19,Joe Pennsylvania,Mr. Wright Liquor,,NAWW
1211,2014-12-03,Gag 'em Style,Bourbon Street,,NAWW
1212,2014-12-17,Irish Spring,9th Avenue Saloon,Irish Spring's Irish Exit,NAWW
1213,2014-12-31,Splat,170th & Broadway,NYE,NAWW
1214,2015-01-01,Tall Dark and Hammered,Mudville 9,New Year's Recovery,GGFM
1215,2015-01-08,Nothing Interesting,Sunnyvale,,FHAC-U
1216,2015-01-15,Che Gayvara,GG Park,,Gypsies
1217,2015-01-17,Morning Missile & Premature Evacuation,Healdsburg,Wine Crawl,Winers H3
1218,2015-01-23,Li'l Dirty & Crazy Bob,81st & CPW,Flashlight Hash,GGFM
1219,2015-01-28,Type A-hole,134th & Adam Clayton Powell,,NAWW
1220,2015-01-31,Tequila Whore & Ice Ice Pussy,Van Cortlandt Park,Tequila's Birthday,CUnTH3
1221,2015-02-01,Salt Lick & Just Trish,87th & York,Superbowl Hash,NYCH3
1222,2015-02-06,Splat & Bushy,Washington Place & 6th,SpLUSHY Hash,GGFM
1223,2015-02-25,Turd Dimension,18th & Park Avenue South,,NAWW
1224,2015-03-06,Rapunzel,109th & Amsterdam,,GGFM
1225,2015-03-11,Pick-up,Himmel Park,,Mr. Happy's H3
1226,2015-03-22,Ed Lunch,13th & Avenue A,,NYCH3
1227,2015-03-25,Kim Dong Dildo,4th Street & 6th Avenue,,NAWW
1228,2015-04-04,I-Feel Tower & Spank the Plank,Oakdale,,LIL
1229,2015-04-08,Tequila Whore,22nd & 9th,,NAWW
0,2015-04-18,Splat,Yankee Stadium,Scouting Party,TSH3
1230,2015-04-22,Stinky Fingers & Conelingus,Lispenard & West Broadway,AGM,NAWW
1231,2015-04-29,W.A.C.,The Patriot,Underwear Hash,KH3
1232,2015-05-17,Dogface & Crazy Bob,Broadway LIRR,,NASS
1233,2015-05-22,I-Feel Tower,69th Street & 47th Avenue,I-Feel's Pub Run,QBKH3
1234,2015-06-07,Doggie Erectus,Dyckman & Broadway,,NASS
1235,2015-06-27,Splat,Yankee Tavern,5 Borough Pub Crawl,TSH3
1236,2015-07-11,The Gynocracy,Coogan's,CU #69,CUnTH3
1237,2015-07-22,,Alberta Street Pub,,Portland Humpin' H3
1238,2015-07-31,Splat,House of Shields,Blue Moon Hash,FMH3
1239,2015-08-06,Mr. BoneJangles,Presidio Log Cabin,,Gypsies
1240,2015-08-11,Dogface,Alewife,,Bad Apple H3
1241,2015-08-19,Conelingus & Surprise I'm Illiterate,14th & 1st,NAWW in Summer,NYCH3
1242,2015-08-26,Pick-up,Francisco Elias Esquer Park,,Mr. Happy's H3
1243,2015-09-06,Head Queen et al.,Willamette Valley,Portland,InterAm
1244,2015-09-16,Doggie Erectus,60th & 2nd,Bikini Hash,NYCH3
1245,2015-09-18,Bollywoodless,40th & 9th,Red Dress Prelube,GGFM
1246,2015-09-19,The Red Dress Committee,Jeremy's Ale House,Red Dress,NYCH3
1247,2015-09-30,Just Andy & Cum Test Dummy & Minor 69er,The Patriot,,NYCH3
1248,2015-10-25,Just Rachelle & Krispy Kringle,181st & Fort Washington,,NYCH3
1249,2015-10-28,Body Swerve,The Patriot,,NAWW
0,2015-10-31,The Colonel,,Manhattan Pub Crawl,Rumson
1250,2015-10-31,The Committees,125th & 12th,Halloween Hash,GGFM/CUnTH3
1251,2015-11-01,Cheeky Bastard,96th & 5th,Marathon Hash,NYCH3
1252,2015-11-12,Cosmopolitits & Sloppy Thirds,Billymarks West,,NAWW
1253,2015-11-14,Splat,Washington Square,NYU Takes Over Columbia,CUnTH3
1254,2015-11-25,Fluffy,The Patriot,Thanksgiving Orphans,NAWW
1255,2015-12-06,The Harriettes Committee,The Parlour,Santa Sluts,NYCH3
1256,2015-12-09,Splat,18th & Park Avenue,,NAWW
1257,2015-12-20,Mean Jean,14th & 7th,,NYCH3
1258,2015-12-23,Cheeky Bastard,Walker & West Broadway,,NAWW
1259,2016-01-03,Wet Willy & Trips and Balls,Union Square,,NYCH3
1260,2016-01-06,How Long Is It? & Surprise I'm Illiterate,55th & 7th,,NAWW
1261,2016-01-08,Tall Dark and Hammered & Crazy Bob & A Little Dirty,81st & CPW,Flashlight Hash,GGFM
1262,2016-01-09,Tequila Whore,207th & Broadway,Tequila's Birthday Hash,CUnTH3
1263,2016-01-17,Cheeky Bastard,Peggy O'Neill's,Polar Bear Hash,NYCH3
1264,2016-01-20,Jeter Eater & Just Jason,79th & Broadway,,NAWW
1265,2016-01-27,Conelingus & Just Sam,The Patriot,Knickerbocker 100,KH3
1266,2016-02-03,Geordi La Foreskin,Subway Inn,Geordi's Birthday Hash,NAWW
1267,2016-02-07,C.P.A.,One Star Bar,Superbowl Hash,NYCH3
1268,2016-02-09,Splat,Abbey Pub,,Bad Apple H3
1269,2016-02-21,Skidmark,23rd & 8th,,NYCH3
1270,2016-02-29,W.A.C. & Stuff My Fluff,Court Street & Joralemon,Leap Day,BH3
1271,2016-03-02,Momentarily Vertical & Metrosweatual,51st & 6th,,NAWW
1272,2016-03-06,Doggie Erectus & Li'l Dirty,Coogan's,,NYCH3
1273,2016-03-08,Stinky Fingers,White Horse Tavern,,Bad Apple H3
1274,2016-03-16,Stinky Fingers,White Horse Tavern,Green Toga Hash,NAWW
1275,2016-03-23,Uncle jHolio,Broadway & Campbell,Joint hash with Mr. Happy's H3,jHavelina Full Moon
0,2016-03-25,,Sky Bar,Happy Hour,jHavelina H3
1276,2016-03-30,Squirty Dancing,57th & 7th,,NAWW
1277,2016-04-06,Cums Faster Than Men & Just Bryan & Coneylingus,51st & 6th,,KH3
1278,2016-04-08,Rapunzel & Dildo Bag-Gone,John Brown Smokehouse,AGM,QBKH3
1279,2016-04-12,Maria W.,78th & 1st,,Bad Apple H3
1280,2016-04-13,Massive Load & Coneylingus,52nd & 2nd,,NAWWW
1281,2016-04-21,Mr. BoneJangles,25th Avenue & MLK,Mr. BJ's Birthday Hash,Gypsies
1282,2016-04-27,The Committee,Bunga's Den,AGM,NAWW
1283,2016-05-04,The Committee,Subway Inn,Underwear Hash,KH3
0,2016-05-07,Splat,Yankee Stadium,Scouting Party,TSH3
1284,2016-05-16,Cuming Mutha & Vagina Dentata,Front & Pacific,Pink Tutu Hash,SFH3
1285,2016-05-19,Blow Queen,Aquatic Park,,Gypsies
1286,2016-06-08,Lexi's Bitch et al.,29th & 2nd,,NYCH3
1287,2016-06-11,Splat,Yankee Tavern,5 Borough Pub Crawl,TSH3
1288,2016-06-29,Just Noah & Metrosweatsual,The Patriot,,NYCH3
1289,2016-07-06,Come On Moses et al.,6th Avenue & Washington Place,Ice Cream Hash,NYCH3
0,2016-07-08,,Brew of A,Happy Hour,jHavelina H3
0,2016-07-09,Cock Cage et al.,Boon Docks Bar,,jHavelina H3
0,2016-07-10,,4th Avenue,Pub Crawl,jHavelina H3
0,2016-07-30,Lil Dirty,The Shannon Pot,Bushy's Birthday Pub Crawl,NYCH3
0,2016-08-05,,Trident Grill,Happy Hour,jHavelina H3
0,2016-08-12,,Nevada Smith's Saloon,Happy Hour,jHavelina H3
1290,2016-08-13,GFM & Rabbi,Casas Adobes Park,,jHavelina H3
0,2016-08-14,,DidYa's House,BBQ,S.A.C.
0,2016-08-21,,4th Avenue,Post-Badger pub crawl,S.A.C.
1291,2016-08-24,Shaman et al.,Estevan Park,,Mr. Happy's H3
0,2016-08-26,,Thunder Canyon,Happy Hour,jHavelina H3
1292,2016-09-07,Professor Coitus,Swan Park,,Mr. Happy's H3
0,2016-09-09,,Sky Bar,Happy Hour,jHavelina H3
1293,2016-09-10,I Sweep Around et al.,Rosemont & Pima,,jHavelina H3
1294,2016-09-14,BBQ Cock et al.,Himmel Park,,Mr. Happy's H3
1295,2016-09-16,Bumper Shaft & People's Cunt,Estevan Park,Santa's Birthday Hash,jHavelina Full Moon
1296,2016-09-18,Orgy Porgy & BBQ Cock,Parkview Park,,Honey Badger H3
0,2016-09-23,,Sky Bar,Happy Hour,jHavelina H3
1297,2016-09-24,Peg a Soreass et al.,The Hut,Pokemon Hash,jHavelina H3
1298,2016-09-28,BBQ Cock & Clam,Madera Park,,Mr. Happy's H3
1299,2016-10-01,Cunt Do Anal & Splat et al.,1st & Fort Lowell,,jHavelina H3
1300,2016-10-09,Bimbo By Day & Casual Friday,Country Club & Prince,Pedalphiles' 10th Anniversary,Pedalphiles Bash
1301,2016-10-12,,The Meet Rack,,Mr. Happy's H3
0,2016-10-14,,Sky Bar,Happy Hour,jHavelina H3
1302,2016-10-15,Splat,1702,Beer Hunter Full Moon Pub Crawl,jHavelina Full Moon
1303,2016-10-23,In the Butt Bob & Sure Cock Holmes et al.,Reid Park,World Peace Through Beer,Honey Badger H3
1304,2016-10-26,,Fort Lowell Park,,Mr. Happy's H3
0,2016-10-28,,The Independent Distillery,Happy Hour,jHavelina H3
1305,2016-10-29,Klitty Litter & Bench Warmer & Just Heather & Cock Cage,14th & Park,Halloween Hash,jHavelina H3
1306,2016-11-02,Tonka Fuck & PIMA,Himmel Park,,Mr. Happy's H3
0,2016-11-18,,Red Garter,Happy Hour,jHavelina H3
1307,2016-11-19,Chew Toy & Rabbi Yank Me,Joaquin Murietta Park,,jHavelina H3
1308,2016-11-30,Bearded Clam,Himmel Park,,Mr. Happy's H3
1309,2016-12-03,Clappy & C.D.A. & Blue Diamond Hymen,Country Club & Ft. Lowell,,jHavelina H3
0,2016-12-08,W.A.C.,Bossy Grrl's,Karaoke Roulette,Columbus H3
1310,2016-12-10,Professor Coitus,Ironhorse Park,SantaCon Hash,jHavelina H3
1311,2016-12-11,BBQ Cock,Stefan Gollob Park,Nerd Hash,Honey Badger H3
1312,2016-12-14,Cunt Do Anal & Professor Coitus,Himmel Park,,jHavelina Full Moon
0,2016-12-16,,Bob Dobb's,Happy Hour,jHavelina H3
1313,2016-12-17,Professor Coitus & Uncle jHolio,Midtown Bar and Grill,White Elephant Hash,jHavelina H3
1314,2016-12-21,Cheeky Bastard,Franklin Avenue & St. John's Place,,NAWW
1315,2017-01-01,Cheeky Bastard,96th & 2nd,,NYCH3
0,2017-01-06,,Serial Grillers,Happy Hour,jHavelina H3
0,2017-01-10,,Red Garter,Mismanagement Meeting,jHavelina H3
1316,2017-01-11,Too Busy Masturbating,Hi Corbett Field,,Mr. Happy's H3
0,2017-01-13,,Wooden Nickel,Happy Hour,jHavelina H3
1317,2017-01-14,Public Enema #2 & Chew Toy,Toumey Park,Neon Hash,jHavelina H3
0,2017-01-19,,Danny's Baboquivari Lounge,C.D.A.'s Birthday,
1318,2017-01-20,Uncle jHolio et al.,Rosemont & Lee,Red Dress,Mr. Happy's H3
1319,2017-01-21,C.D.A. et al.,Barrio Brewing,C.D.A. et al.'s Birthday Hash,jHavelina H3
1320,2017-01-25,Blowing Blanks & Milking for Grandma,Alvernon Park,,Mr. Happy's H3
0,2017-01-27,,Wasted Grain,Happy Hour,jHavelina H3
1321,2017-01-28,SinWhore & 3.1 Whore,Hotel Congress,A Clockwork Whorange,jHavelina H3
0,2017-02-07,,Red Garter,Mismanagement Meeting,jHavelina H3
1322,2017-02-08,Bumper Shaft,Mansfield Park,,Mr. Happy's H3
1323,2017-02-18,Splat,Iron John's Brewery,,jHavelina H3
1324,2017-02-22,Tonka Fuck & Silent but Violent,Jesse Owens Park,,Mr. Happy's H3
0,2017-02-24,,Sky Bar,Happy Hour,jHavelina H3
1325,2017-02-25,Betty Crochette,Tucson Mall,,jHavelina H3
0,2017-03-02,,Heavy Seas Brewing,Happy Hour,Baltimore-Annapolis H3
0,2017-03-07,,Red Garter,Mismanagement Meeting,jHavelina H3
1326,2017-03-08,Splat,Conner Park,,Mr. Happy's H3
0,2017-03-10,,Kappy's,Happy Hour,jHavelina H3
1327,2017-03-11,Skanks on a Plane,The Shelter,Skanks' Birthday,jHavelina Full Moon
1328,2017-03-15,Tonka Fuck,Mitchell Park,,Mr. Happy's H3
1329,2017-03-18,Uncle jHolio & GFM & Sticky Tits,Park Place Mall,Green Dress,jHavelina H3
0,2017-03-31,,Thunder Canyon Brewery,Happy Hour,jHavelina H3
1330,2017-04-01,Bench Warmer & Just Rebecca,Ironhorse Park,Just Rebecca's Birtday Hash,jHavelina H3
1331,2017-04-02,I Sweep Around & ADAPTS,Kon Tiki,,Honey Badger H3
1332,2017-04-05,Professor Coitus,Hi Corbett Field,,Mr. Happy's H3
0,2017-04-07,,Sky Bar,Happy Hour,jHavelina H3
1333,2017-04-08,Cockstalker & Just Jennifer,Rosemont & Lee,,jHavelina H3
0,2017-04-21,,PJ's Subs,Happy Hour,jHavelina H3
1334,2017-04-22,Bench Warmer & Rabbi Yanke Me,Foothills Mall,,jHavelina H3
1335,2017-04-26,Bumper Shaft & Just Jake,Tonka's House,,Mr. Happy's H3
0,2017-04-28,,Puerto Peasco,Pub Crawl,Rocky Point
1336,2017-04-29,Traihead & Peg a Soreass,Puerto Peasco,,Rocky Point
1337,2017-04-30,,Puerto Peasco,Hangover Hash,Rocky Point
1338,2017-05-07,Orgy Porgy & Abu Grab Me,Cow Pony Bar,,Honey Badger H3
0,2017-05-09,,Red Garter,Mismanagement Meeting,jHavelina H3
1339,2017-05-10,Just Shit Talker & Just Elizabeth,Country Club & 31st Street,,Mr. Happy's H3
0,2017-05-19,,Thunder Canyon Brewery,Happy Hour,jHavelina H3
1340,2017-05-20,Bench Warmer & Klitty Litter & Five Diamond Hymen,Fort Lowell Park,,jHavelina H3
1341,2017-05-31,I'm So Fucking Boring,Iron Horse Park,,Mr. Happy's H3
0,2017-06-02,,Johnny Gibson's Downtown Market,Happy Hour,jHavelina H3
1342,2017-06-03,Bench Warmer & Just Rebecca,Swan & Broadway,Just Rebecca's Naming,jHavelina H3
1343,2017-06-10,Special Needs Titties & 300 & Skanks on a Plane,Craycroft & Lester,,jHavelina H3
0,2017-06-16,,Red Garter,Happy Hour,jHavelina H3
1344,2017-06-17,Skanks on a Plane,Rosemont & Lee,,jHavelina H3
1345,2017-06-22,Dr. Kimble,Adrian Rosal Park,Summer Solstice Pagan Fest,Gypsies
1346,2017-06-23,PIMA & Professor Coitus,Craycroft & 22nd,Red Dress Pub Crawl,jHavelina H3
1347,2017-06-24,Rabbi Yank Me & Betty Crotchette,Craycroft & 22nd,Red Dress,jHavelina H3
0,2017-07-07,Splat,Mr. Head's,Splat's Belated Birthday Pub Crawl,jHavelina H3
1348,2017-07-08,Bench Warmer,Harrison & Golf Links,Squirt Hash,jHavelina H3
0,2017-07-11,,Red Garter,Mismanagement Meeting,jHavelina H3
1349,2017-07-12,Professor Coitus,Cherry Field,,Mr. Happy's H3
1350,2017-07-15,Splat,Yankee Tavern,5 Borough Pub Crawl,TSH3
0,2017-07-21,,Sky Bar,Happy Hour,jHavelina H3
1351,2017-07-22,Bumper Shaft & People's Cunt,Barrio Brewing,,jHavelina H3
1352,2017-07-26,Sucks 4 U,Curtis Park,,Mr. Happy's H3
1353,2017-08-02,BBQ Cock,Wilshire Heights Park,,Mr. Happy's H3
0,2017-08-04,,Thunder Canyon Brewery,Happy Hour,jHavelina H3
1354,2017-08-05,GFM,Picture Rocks Trailhead,,jHavelina H3
0,2017-08-08,,Trident I,Mismanagement Meeting,jHavelina H3
1355,2017-08-09,Splat & Trihorsecocks & Just Sebastian,Juhan Park,,Mr. Happy's H3
1356,2017-08-12,S.I.C. & Dirty and Hairy,Brandi Fenton Park,,jHavelina H3
1357,2017-08-16,Uncle jHolio,Pinecrest Park,,Mr. Happy's H3
1358,2017-08-26,Benchwarmer,Grant & Swan,,jHavelina H3
1359,2017-08-30,BBQ Cock,Freedom Park,,Mr. Happy's H3
1360,2017-09-06,Napoleon,Rillito River Park,,Mr. Happy's H3
1361,2017-09-08,Splat,Borderlands Brewing Company,5 Brewery Pub Crawl,jHavelina Full Moon
1362,2017-09-09,C.D.A.,Bashful Bandit,,jHavelina H3
1363,2017-09-16,Dirty and Harry & Benchwarmer & Klitty Litter,Tahoe Park,,jHavelina H3
1364,2017-09-23,GFM,The Meet Rack,,jHavelina H3
1365,2017-09-24,Abu Grab Me,Pinecrest Park,,Honey Badger H3
0,2017-09-29,Dirty and Harry,Maynard's Market,Dirty and Harry's 50th Pub Crawl,jHavelina H3
1366,2017-10-04,Professor Coitus & Captain He Brew,The Meet Rack,,Mr. Happy's H3
1367,2017-10-07,M.I.N.K.,Tempe Lopiano Park,Phoenix,InterAm
1368,2017-10-18,Splat & Just Jeanie,Reid Park,,Mr. Happy's H3
0,2017-10-21,,Parker Canyon Lake,Arizona Interhash III,AZ Interhash
1369,2017-10-25,Tonka Fuck,Tonka's House,,Mr. Happy's H3
0,2017-10-27,,O'Malley's,Happy Hour,jHavelina H3
1370,2017-10-28,Klitty Litter & Benchwarmer & Poppin Pussy & Rabbi,Mesa Village Park,Halloween Hash,jHavelina H3
1371,2017-11-01,Trailhead & Surecock Holmes,La Madera Park,,Mr. Happy's H3
1372,2017-11-05,Splat,Reid Park,,Honey Badger H3
1373,2017-11-08,Splat & Fucking Boring & Just Quinn,McCormick Park,,Mr. Happy's H3
0,2017-11-10,Splat,The Shanty,Trashed de Tucson Pub Crawl,jHavelina H3
1374,2017-11-11,Didya & GFM & Anal Adams,Pima Community College NW,,jHavelina H3
0,2017-11-14,,Tucson Racquet Club,Mismanagement Meeting,jHavelina H3
1375,2017-11-15,Fucking Boring,Jacobs Park,,Mr. Happy's H3
0,2017-11-24,,Wooden Nickel,Happy Hour,jHavelina H3
1376,2017-11-25,GFM & Queef LaTifia,Campbell & Glenn,,jHavelina H3
1377,2018-01-01,Cheeky Bastard,Fort Hamilton Parkway & New Utrecht Avenue,,BH3
